egtbs/2men/0pawns/KK.egtb, 421cd12b43e660f10da31bee36e85f4b
egtbs/3men/0pawns/KNK.egtb, 5c08dfbc71b181a79509654f505fa187
egtbs/3men/0pawns/KKN.egtb, 02da5e0f18ca174e6c3915231d3e714a
egtbs/3men/0pawns/KBK.egtb, f07b2fe24204f4a96db60b754af25562
egtbs/3men/0pawns/KKB.egtb, 02da5e0f18ca174e6c3915231d3e714a
egtbs/3men/0pawns/KRK.egtb, a4cfccc9c0943997cc7969fa070929ab
egtbs/3men/0pawns/KKR.egtb, fe4a417653bffd51266034596f807433
egtbs/3men/0pawns/KQK.egtb, 33a1f16c468deff34ebf2a936c7d7e28
egtbs/3men/0pawns/KKQ.egtb, 091a471a74771c880f246d88fdd70618
egtbs/3men/1pawns/KPK.egtb, 3e3148a678815784c3c6037a454a5a6b
egtbs/3men/1pawns/KKP.egtb, 23530a981288cbe6e02f53efbda7575f
egtbs/4men/0pawns/KKNN.egtb, 5b1049dd9b7716c2a855bb9fad6916ea
egtbs/4men/0pawns/KNNK.egtb, eddc84ed98757a45146b7c5551aa9a50
egtbs/4men/0pawns/KBNK.egtb, d73653e37cdd547f20b26d8417148953
egtbs/4men/0pawns/KKBN.egtb, 8880e1df07732961f35b5594bccbfffb
egtbs/4men/0pawns/KRNK.egtb, af9b65123096c445b0462b6c922465c5
egtbs/4men/0pawns/KKRN.egtb, 242a25261b586fb9ace9f5dc33fdecf9
egtbs/4men/0pawns/KQNK.egtb, 9dd4f078c35dd6fb003893255e93b45e
egtbs/4men/0pawns/KKQN.egtb, 485b44a9338e724d696957417149c2f7
egtbs/4men/0pawns/KNKN.egtb, 7d24ddc973aa34a81e7f5aa29c970423
egtbs/4men/0pawns/KNKB.egtb, 1365f8e561d4d1959b608e930a796808
egtbs/4men/0pawns/KBKN.egtb, 446115c1f6140ff8fc3bf995ba8acb7c
egtbs/4men/0pawns/KNKR.egtb, a5b36b2174aa240959f8cc2b64c1fbc5
egtbs/4men/0pawns/KRKN.egtb, 4263847f1c82af637103a3cc65256979
egtbs/4men/0pawns/KQKN.egtb, c9fe9ba3fde91aa1da75b7ab2739477e
egtbs/4men/0pawns/KNKQ.egtb, b2105d2e6d56c2ad3000a23ae0ae6996
egtbs/4men/0pawns/KBBK.egtb, 66fb6139ceadc1d4aaa9217540b5f3cb
egtbs/4men/0pawns/KKBB.egtb, 81212dd3d96143eb5bde9816fc1a5aad
egtbs/4men/0pawns/KRBK.egtb, 5d401a0bf4e26d49aaf3f894211aa632
egtbs/4men/0pawns/KKRB.egtb, 91ee3eadb22682de364ef1e0c885c7b9
egtbs/4men/0pawns/KQBK.egtb, af9ea87569c892eb46a7ee7902233ba8
egtbs/4men/0pawns/KKQB.egtb, fd18bb536ba017ed8927d2d448528a25
egtbs/4men/0pawns/KBKB.egtb, a1a9d6152f2bdc425ab704759260b8e7
egtbs/4men/0pawns/KBKR.egtb, 1452971ee0b2b68af32769bfdd5e204f
egtbs/4men/0pawns/KRKB.egtb, bd9a888e701b05878c1d344fbb6c1fa7
egtbs/4men/0pawns/KQKB.egtb, 0a5e6d994af7f2f467ba06c6f161576d
egtbs/4men/0pawns/KBKQ.egtb, 80a08bcefa6205b5606a1038ad756d3d
egtbs/4men/0pawns/KRRK.egtb, ef7192d80879317f109e4458044aa622
egtbs/4men/0pawns/KKRR.egtb, ebed295790bfbebd9550f974aecec107
egtbs/4men/0pawns/KQRK.egtb, e60a165e988a45d1e8b135887b1803e1
egtbs/4men/0pawns/KKQR.egtb, 78c48d86d4b1674aa565cd958d972172
egtbs/4men/0pawns/KRKR.egtb, cfb965d882b04849cdf846a3a0b574d0
egtbs/4men/0pawns/KRKQ.egtb, 1fd81e7079275e5aa36b598dc050b1c8
egtbs/4men/0pawns/KQKR.egtb, f6880c58ec52c68381fe19a6dbc266f1
egtbs/4men/0pawns/KQQK.egtb, 300a10f8f3125fdf6c104b4a62c33810
egtbs/4men/0pawns/KKQQ.egtb, 2d7fed98f89aa80b6a1d93c464ed5a8f
egtbs/4men/0pawns/KQKQ.egtb, 73fd4e2d863092c5921aa22f7f0e1fdb
egtbs/4men/1pawns/KNPK.egtb, 4ddbff393aa6af3511cbfb99f7ad9838
egtbs/4men/1pawns/KKNP.egtb, f6afcf88cfcb8012cab609ac42ee59f1
egtbs/4men/1pawns/KBPK.egtb, e4a084e1f9efa44e527be7386643fe1d
egtbs/4men/1pawns/KKBP.egtb, 01c7803bab899f4bf2a4c02e8721500b
egtbs/4men/1pawns/KRPK.egtb, db319be60a5b2d14839beb84d3f7a491
egtbs/4men/1pawns/KKRP.egtb, 2a63ff084fdb0bc8d3892a5e2d109eba
egtbs/4men/1pawns/KQPK.egtb, cdcd60cbc50ca2b85a7235dd6e7ecff5
egtbs/4men/1pawns/KKQP.egtb, 0fb3ee9f2195e7dba856ab55751eeeda
egtbs/4men/1pawns/KNKP.egtb, 4f56d099a77f6420f5bdcd9a417a3f3f
egtbs/4men/1pawns/KPKN.egtb, fc638614e472c4bda2fc742f66f115d9
egtbs/4men/1pawns/KBKP.egtb, 0f0f3fe4db9c8e89d858abc36f5d4736
egtbs/4men/1pawns/KPKB.egtb, 692a1a7e8617944f606184ee9c8383de
egtbs/4men/1pawns/KRKP.egtb, a5e0750e85c1b819f075050b9ec75545
egtbs/4men/1pawns/KPKR.egtb, e5036f1544208a7979d38f75ed90705b
egtbs/4men/1pawns/KQKP.egtb, de3ee29568e23316127d1ce5d8346e8b
egtbs/4men/1pawns/KPKQ.egtb, 74b8fb4315901bec7ea61f0d95b46448
egtbs/4men/2pawns/KPPK.egtb, 93372d4062ed1af1c5f19186deff9767
egtbs/4men/2pawns/KKPP.egtb, 171f8a4eb8fa8038ea40426b53464ecd
egtbs/4men/2pawns/KPKP.egtb, 7fb7a4c3d7f13115beae53d41ab84e82
egtbs/5men/0pawns/KNNNK.egtb, 46d8446cfa3ea1122ba0b19d341eb875
egtbs/5men/0pawns/KKNNN.egtb, 68fbc5426b418f00191d518962b3e0a6
egtbs/5men/0pawns/KBNNK.egtb, dbd9c285f51949e8dcbfe11b6bb73e32
egtbs/5men/0pawns/KKBNN.egtb, a42cbcfc1d0c9650748b639b665dbfe7
egtbs/5men/0pawns/KRNNK.egtb, 64cd37c6b01f4038b64b604d2a7aed86
egtbs/5men/0pawns/KKRNN.egtb, 98834170d6ec4edcb354f12a4f2a53d0
egtbs/5men/0pawns/KQNNK.egtb, 18ea83663778750b6717aae0f263431c
egtbs/5men/0pawns/KKQNN.egtb, 9076284ca902b759446b6775983554e7
egtbs/5men/0pawns/KNNKN.egtb, 789b63f242fe229cedb75e845eb78eb3
egtbs/5men/0pawns/KNKNN.egtb, b3dda659003fc8308c1cd454946d27ea
egtbs/5men/0pawns/KNNKB.egtb, c367d338fb1230e3d3a078fe6ce0f279
egtbs/5men/0pawns/KBKNN.egtb, 2b915754c607cd03d86757864a675bc8
egtbs/5men/0pawns/KNNKR.egtb, 94eebd0c7d2d03fec62c1776c8204f54
egtbs/5men/0pawns/KRKNN.egtb, a8bdd0f7d06cfafb96d4a0cea5ecc687
egtbs/5men/0pawns/KNNKQ.egtb, 87d746b7ff5af7d800cb59541ec3dc51
egtbs/5men/0pawns/KQKNN.egtb, 8319436247fb961a1f28863bfac39273
egtbs/5men/0pawns/KBBNK.egtb, 2c31776e40cb27e1d77f54ad39c131b9
egtbs/5men/0pawns/KKBBN.egtb, 8f725456ee0c606a589bb543572784ec
egtbs/5men/0pawns/KRBNK.egtb, ae60e8261c6b7cfdbcdc51139e5a5e0c
egtbs/5men/0pawns/KKRBN.egtb, 7f5b066cee6551ad6d57825edc5db6fb
egtbs/5men/0pawns/KQBNK.egtb, 7903304616429f24e2259b079064e1f9
egtbs/5men/0pawns/KKQBN.egtb, 3d23ad9d9b965f5ef5ea1085f2179904
egtbs/5men/0pawns/KNKBN.egtb, b852bdd0deb93c1d5c6425ec4ecc59ea
egtbs/5men/0pawns/KBNKN.egtb, b2a9f0c93a5ede1829a539335d6c8d57
egtbs/5men/0pawns/KBKBN.egtb, fb4473bfd57e97f2c4019bf60d79440b
egtbs/5men/0pawns/KBNKB.egtb, 44102d81b8a2c0a70789810e7e495e4d
egtbs/5men/0pawns/KRKBN.egtb, 64a1a4003fa26d699c1eeb9f828f2be0
egtbs/5men/0pawns/KBNKR.egtb, a9b6d4b3d3542497dc9d12ace491e51e
egtbs/5men/0pawns/KQKBN.egtb, 61dd500ff088c2d5d027cf7ce8aed224
egtbs/5men/0pawns/KBNKQ.egtb, 21984965ceed5ebae69803585fb2c30b
egtbs/5men/0pawns/KRRNK.egtb, f070080e2cf1d4b1745a84391da266a9
egtbs/5men/0pawns/KKRRN.egtb, 134d55b3ff9da2ccad17334874375a8b
egtbs/5men/0pawns/KQRNK.egtb, 96a0dd46c060385065598bc2770b657b
egtbs/5men/0pawns/KKQRN.egtb, 50e939814557134f806fe8d5be22ae75
egtbs/5men/0pawns/KRNKN.egtb, 9c7409b2849fa00f5a2ad80ff5913c15
egtbs/5men/0pawns/KNKRN.egtb, c02483d46ac29626feb38f72d90f07cd
egtbs/5men/0pawns/KRNKB.egtb, fe21da9acb0322595a1096fa03e6ae99
egtbs/5men/0pawns/KBKRN.egtb, 801d041ec66fc1bfe68601b2ff47f146
egtbs/5men/0pawns/KRKRN.egtb, 6e1d615afd05ebe92f3638646c2ac7dd
egtbs/5men/0pawns/KRNKR.egtb, a83d94122b363820ec44a6118f47b699
egtbs/5men/0pawns/KRNKQ.egtb, 7cbee7dbd607cd8204d212083fc2ae1c
egtbs/5men/0pawns/KQKRN.egtb, 986cbb3d155b562eb19640a8e63372e4
egtbs/5men/0pawns/KQQNK.egtb, 6853add6becc534ce826444898865b68
egtbs/5men/0pawns/KKQQN.egtb, f724e3a31e8b191ea70ab74c76f5973e
egtbs/5men/0pawns/KQNKN.egtb, b784e1c1378e55633df813c20fa217ea
egtbs/5men/0pawns/KNKQN.egtb, d8e5692601c1f59cf3a513bd4a3c89f7
egtbs/5men/0pawns/KQNKB.egtb, a14ec871e1d9e8d07f935e057e372e65
egtbs/5men/0pawns/KBKQN.egtb, 7e77ca208d2b4855029329453a967db6
egtbs/5men/0pawns/KQNKR.egtb, 71d065385ca877f2cdfb3c715233f5e7
egtbs/5men/0pawns/KRKQN.egtb, 077986892fd3e9216faf045bc6250da6
egtbs/5men/0pawns/KQNKQ.egtb, 26e79ea35cf15aa0cbe47f782c5f7d79
egtbs/5men/0pawns/KQKQN.egtb, 1f94c427f91000c6037071eeefd2bcbe
egtbs/5men/0pawns/KNKBB.egtb, 81503dcae206687fe1ae30a3d740f14f
egtbs/5men/0pawns/KBBKN.egtb, 461ed5016bda9b5101f11243eca5a2d5
egtbs/5men/0pawns/KRBKN.egtb, 9e4b6b75ab638a45ac84d1b8b8940e4b
egtbs/5men/0pawns/KNKRB.egtb, 1a471152e7ce74745efb84a5778315d5
egtbs/5men/0pawns/KQBKN.egtb, 208d28ab65d4304c65957862f064353b
egtbs/5men/0pawns/KNKQB.egtb, 27d3dbc80b1702e58c3ac4290fc26136
egtbs/5men/0pawns/KRRKN.egtb, 68a3d3d32a62445ea014fe6f051c153f
egtbs/5men/0pawns/KNKRR.egtb, 8e34fee61647ab45dd6d25d25da2b6b1
egtbs/5men/0pawns/KQRKN.egtb, 3cbf3631d2916a87f58b4a5035453472
egtbs/5men/0pawns/KNKQR.egtb, b553b601a7b1dfe1d7710fe415fc33b9
egtbs/5men/0pawns/KQQKN.egtb, ff2d90ff501a7da8ef4277e25f21e60b
egtbs/5men/0pawns/KNKQQ.egtb, 7d95f0ada075bdb76b7fb67ec55db06e
egtbs/5men/0pawns/KBBBK.egtb, b8699f7e138f6c966f8d88b14bc1455c
egtbs/5men/0pawns/KKBBB.egtb, 8d1d2c90646611e35d40752ee02d4699
egtbs/5men/0pawns/KRBBK.egtb, 096e5ee975aad0bf3db056f2a22715b5
egtbs/5men/0pawns/KKRBB.egtb, dbe490b56f33da3e352755e68186d44c
egtbs/5men/0pawns/KQBBK.egtb, 299789a98a3db2cb091b0232dc472414
egtbs/5men/0pawns/KKQBB.egtb, a37ad9f3854a673eba0bc4fb61158559
egtbs/5men/0pawns/KBKBB.egtb, b23471f09e7e43930dfb1650ecd14b41
egtbs/5men/0pawns/KBBKB.egtb, 9da8221c16cae8ab8b8d61bff8861d0d
egtbs/5men/0pawns/KRKBB.egtb, 3dee59700f8e5ffd5f2e847d3a69c534
egtbs/5men/0pawns/KBBKR.egtb, cad35fa2a5e1aef908c763095b0e386a
egtbs/5men/0pawns/KQKBB.egtb, d0f35570c8827602df53b59d00799826
egtbs/5men/0pawns/KBBKQ.egtb, 572ff6c72fdaab6cce3670af01062227
egtbs/5men/0pawns/KRRBK.egtb, 5edf9910398997ab8c097ab2d8394b40
egtbs/5men/0pawns/KKRRB.egtb, e54f2b20b7269df0819355d523fedbfb
egtbs/5men/0pawns/KQRBK.egtb, 22d50ceb676181342ac400a98e9935eb
egtbs/5men/0pawns/KKQRB.egtb, e9d2ced3e57336d56ff2ffe4031eca8f
egtbs/5men/0pawns/KRBKB.egtb, 7cdc5957f4c047b7f627f7df4e0dccf6
egtbs/5men/0pawns/KBKRB.egtb, 748594bffb08ccfb5977af9a7365c301
egtbs/5men/0pawns/KRKRB.egtb, a75fcff56c78a357ec355f102a929274
egtbs/5men/0pawns/KRBKR.egtb, c00f5379617f78aabc6b2e2373cfff76
egtbs/5men/0pawns/KRBKQ.egtb, 118b3e0e255445ab03fcf1a4a85b72be
egtbs/5men/0pawns/KQKRB.egtb, 86b125db1b1afb07de3d1b7affe98a9e
egtbs/5men/0pawns/KQQBK.egtb, ecae943b317d2acf2262c777d28fb29d
egtbs/5men/0pawns/KKQQB.egtb, cdce39faf44520bbccc0ca0a1a42f209
egtbs/5men/0pawns/KQBKB.egtb, f7c17cbc8f0e5667b5b05bf9e680754f
egtbs/5men/0pawns/KBKQB.egtb, 9c39738548c7f2c1745a8a019eb2330e
egtbs/5men/0pawns/KQBKR.egtb, edb38326fe43857613bc94403c4d074b
egtbs/5men/0pawns/KRKQB.egtb, 3558d4543764152a3e0ea783ab8ec923
egtbs/5men/0pawns/KQBKQ.egtb, a2415b2e5d699c905e707311a1a9849b
egtbs/5men/0pawns/KQKQB.egtb, b64df0d015a235c9708b7b3e0afed84c
egtbs/5men/0pawns/KRRKB.egtb, 8c38781f12bfa88c389fa421935ac96a
egtbs/5men/0pawns/KBKRR.egtb, 7391520a142e643cf1619ef611ce01da
egtbs/5men/0pawns/KQRKB.egtb, 9277f203904d0c5145093e43e526621e
egtbs/5men/0pawns/KBKQR.egtb, 0737bdc23d083804476805d0a2882ac6
egtbs/5men/0pawns/KQQKB.egtb, 8ccf2869abc83917d8a60579b8775bf4
egtbs/5men/0pawns/KBKQQ.egtb, 0c857ce7c7ff31caaf9efc69eb694484
egtbs/5men/0pawns/KRRRK.egtb, 04e7b49a1ba694900c1641f50b50e723
egtbs/5men/0pawns/KKRRR.egtb, 4699e864f0def27372ba8e4f0ea82ebb
egtbs/5men/0pawns/KQRRK.egtb, 0fa2bdea2919a4ff4a59a483624383fa
egtbs/5men/0pawns/KKQRR.egtb, 50a7153849d4b01264c5ab1145455c4b
egtbs/5men/0pawns/KRRKR.egtb, 61cfdcec0d6717e9282f6168822e59a0
egtbs/5men/0pawns/KRKRR.egtb, df46832808a8d5cdf2ee71c5387397c8
egtbs/5men/0pawns/KRRKQ.egtb, 7671cc7714d38b0ac30a7300fc98e6a4
egtbs/5men/0pawns/KQKRR.egtb, 7126d541c8c22d77c428550dccd40ffa
egtbs/5men/0pawns/KQQRK.egtb, ff332a391f307d12faa0b71056941a47
egtbs/5men/0pawns/KKQQR.egtb, 804406e246925966ac756a3f09203a5c
egtbs/5men/0pawns/KQRKR.egtb, b923fe1d649c4e8543b6f8346b67b833
egtbs/5men/0pawns/KRKQR.egtb, ab45fa2def84c7f43e314ed780570884
egtbs/5men/0pawns/KQRKQ.egtb, ea98c84cb9fc97bcde138a2ca1c7a4b0
egtbs/5men/0pawns/KQKQR.egtb, 1d1e9507110103840098e699c738cf81
egtbs/5men/0pawns/KQQKR.egtb, 6ba8ed2a393ed8130f6285bf16a2060a
egtbs/5men/0pawns/KRKQQ.egtb, a8e5f7c9e2ba6ae48ba099bd348321ff
egtbs/5men/0pawns/KQQQK.egtb, cfbf363278e0d4338582a98811ffac37
egtbs/5men/0pawns/KKQQQ.egtb, f156675c51dc4e53906bfcd3a0d14442
egtbs/5men/0pawns/KQQKQ.egtb, 2b7dac97b2d4349cf03dab81a42cdb45
egtbs/5men/0pawns/KQKQQ.egtb, 02e37b7358f184cdc62c1db81f5a2617
egtbs/5men/1pawns/KNNPK.egtb, 2a002a8211c4b9c6b57d2159ff3972b5
egtbs/5men/1pawns/KKNNP.egtb, 8a7c36f5eebac8102f232421b93f163f
egtbs/5men/1pawns/KBNPK.egtb, a60b52db6079ff336c4ef7a1fff581b4
egtbs/5men/1pawns/KKBNP.egtb, 334eeef281dfc9bb893148c2cd64fffa
egtbs/5men/1pawns/KRNPK.egtb, 09b8d7b998b3f7e4dbc3ad441d6bdab4
egtbs/5men/1pawns/KKRNP.egtb, e901077c6560de65fa1c5c043a896be8
egtbs/5men/1pawns/KQNPK.egtb, d3d0899826d0d29fc3f389b192091e5e
egtbs/5men/1pawns/KKQNP.egtb, df77ef5fc22753f3f6d951e301701509
egtbs/5men/1pawns/KNKNP.egtb, 1ad45de810095b861873a6e110d41a3e
egtbs/5men/1pawns/KNPKN.egtb, a186d85a7e47a33c898be901cce37706
egtbs/5men/1pawns/KBKNP.egtb, 8119bf3aced79415d7b3eaf97f72bdb3
egtbs/5men/1pawns/KNPKB.egtb, 1d48b6d3259fcceaf4f861649dc741c3
egtbs/5men/1pawns/KRKNP.egtb, 0684e98163a2c342439f378e524032fa
egtbs/5men/1pawns/KNPKR.egtb, 61fb90594cea768cdcb4350d915f108b
egtbs/5men/1pawns/KQKNP.egtb, 4bbbb371186a327d53e954da314d803c
egtbs/5men/1pawns/KNPKQ.egtb, aca5291056330f32fc374553efba9845
egtbs/5men/1pawns/KBBPK.egtb, c5622d9e126eb83051a84cb783025408
egtbs/5men/1pawns/KKBBP.egtb, 9d6098456e4c78d100afb41712e013c5
egtbs/5men/1pawns/KRBPK.egtb, b7f8a270c9cdcac65e28085de6a7c36f
egtbs/5men/1pawns/KKRBP.egtb, 728c0a5140ff5544b068e319d3ce2165
egtbs/5men/1pawns/KQBPK.egtb, 5107bf0dbdbfe6dd90d2d64ba3b04ab7
egtbs/5men/1pawns/KKQBP.egtb, e8215dab64cc4320fcadeb67b8e82f36
egtbs/5men/1pawns/KNKBP.egtb, 7b6e66e17a48504f6ef0df89d4e6d2b7
egtbs/5men/1pawns/KBPKN.egtb, 57ff2236837aca489fa67ec0c837e43c
egtbs/5men/1pawns/KBKBP.egtb, 620827e61ab43f452439a45a3c6b62ba
egtbs/5men/1pawns/KBPKB.egtb, 3c8ca64c9e5e43c49ffa3ce927badc31
egtbs/5men/1pawns/KRKBP.egtb, b44aa475af00e4bc8241d7b7aff9f32e
egtbs/5men/1pawns/KBPKR.egtb, bca8ff2ac29a5ae6b53a7aec21252b93
egtbs/5men/1pawns/KQKBP.egtb, 133af8de424e591a7227b42bc0b66ad1
egtbs/5men/1pawns/KBPKQ.egtb, e8403a6aaab02de0af991ce834914e2b
egtbs/5men/1pawns/KRRPK.egtb, 6258d9f202747105b2d24695b9f7522a
egtbs/5men/1pawns/KKRRP.egtb, db33a13f93e45879de72080583e98c63
egtbs/5men/1pawns/KQRPK.egtb, ff98a5c100a7432d9896f76a0c66cf72
egtbs/5men/1pawns/KKQRP.egtb, 91386ab9c8d2fc75ef36ef58f34312f8
egtbs/5men/1pawns/KRPKN.egtb, e77c1a2245ae429245376f957e181af2
egtbs/5men/1pawns/KNKRP.egtb, 59638ec11d107d641f22262e753727f4
egtbs/5men/1pawns/KRPKB.egtb, 847396eaaa32c0fc10f188e5b6748601
egtbs/5men/1pawns/KBKRP.egtb, 2b0f0efbf6e17792ac21680fc22fbd86
egtbs/5men/1pawns/KRKRP.egtb, 00ec9b190afdf589416a34ab67d016c3
egtbs/5men/1pawns/KRPKR.egtb, 0a82d8ce08c16fd8c77c19c17458a068
egtbs/5men/1pawns/KQKRP.egtb, f2380644aa78ff8605f598a3d35ab6d5
egtbs/5men/1pawns/KRPKQ.egtb, 1d5b422fc84ad3d93e443a290b8ffb79
egtbs/5men/1pawns/KQQPK.egtb, 0c143e8d32634b4034087ea0aef6e8a1
egtbs/5men/1pawns/KKQQP.egtb, 0fa8e99c39699ddce06f1fd92c16caf0
egtbs/5men/1pawns/KQPKN.egtb, e2c21ba2209cfd060001dfad0ba50b47
egtbs/5men/1pawns/KNKQP.egtb, cf4c00587fe6285d9b54ce9a35ff515c
egtbs/5men/1pawns/KQPKB.egtb, 3090ab77b322a7edbe5f32623fb45011
egtbs/5men/1pawns/KBKQP.egtb, 4ea92a6ccb6ac724a6d522824fc8cd73
egtbs/5men/1pawns/KQPKR.egtb, 065ccc09d5699de30ef7b9d17330bf70
egtbs/5men/1pawns/KRKQP.egtb, 9b139c571b0b06517f00c304628b7c8b
egtbs/5men/1pawns/KQKQP.egtb, adeb3374a30fe527cb90aa1fa7712d66
egtbs/5men/1pawns/KQPKQ.egtb, 0d4e0aa7ca0ade2c281c4ef3e2f8008b
egtbs/5men/1pawns/KPKNN.egtb, ff3b53a0f97ec03e87b7c33d067e5dd5
egtbs/5men/1pawns/KNNKP.egtb, 94a3f3138d7b68a52b5e5c1a2ad34fe4
egtbs/5men/1pawns/KBNKP.egtb, d879c957efbe2033969426362438e1f4
egtbs/5men/1pawns/KPKBN.egtb, e7c51e0226ed122875515c5443b1dfe0
egtbs/5men/1pawns/KRNKP.egtb, 50d78030c682397a08cb55d9d61ee408
egtbs/5men/1pawns/KPKRN.egtb, a000d28884fa0b8f985f6572934f62f3
egtbs/5men/1pawns/KQNKP.egtb, 95772a3ad868c3a023155a482b48f4d2
egtbs/5men/1pawns/KPKQN.egtb, 781abcd0b4a44fa0055b0ba04efa1730
egtbs/5men/1pawns/KBBKP.egtb, 07e27878bec5ca0390cedc3a07cb22ae
egtbs/5men/1pawns/KPKBB.egtb, f3d135a9d8608d1ae58cd6a3e2605c33
egtbs/5men/1pawns/KRBKP.egtb, 5478f335e2f23935e419f9fe5701acc5
egtbs/5men/1pawns/KPKRB.egtb, 37ae25329fb2f8888da0c9c58647baed
egtbs/5men/1pawns/KQBKP.egtb, 9281e94804dfe763638368fe02c2e2e5
egtbs/5men/1pawns/KPKQB.egtb, 2718c625044de04d356774050689696c
egtbs/5men/1pawns/KRRKP.egtb, 95de1ab00a1c80b958839f7a31e75269
egtbs/5men/1pawns/KPKRR.egtb, 12ba32d5bc6fceaa48a24a0f3445ed65
egtbs/5men/1pawns/KQRKP.egtb, d54de9ad76e6d92402206c7b93df0f54
egtbs/5men/1pawns/KPKQR.egtb, 9545b6fa6fa5944e63ff7e1acb76591f
egtbs/5men/1pawns/KQQKP.egtb, 58353b50de3d3594a49689312c700ab5
egtbs/5men/1pawns/KPKQQ.egtb, 612ced10fa896b8739d648f0bfd86c12
egtbs/5men/2pawns/KNPPK.egtb, a680db1e29631c8aec63c11ea8af9a78
egtbs/5men/2pawns/KKNPP.egtb, 900bf8ff163c97cee71adc55e584bc17
egtbs/5men/2pawns/KBPPK.egtb, 128d0a69124f86812b76b87e04600b69
egtbs/5men/2pawns/KKBPP.egtb, e86306d108ece89f7ac05149aceb6afd
egtbs/5men/2pawns/KRPPK.egtb, 71016d40c1c5225e718ffbe0a99e6390
egtbs/5men/2pawns/KKRPP.egtb, 0b50c1def5c38ffd610b131bd980f927
egtbs/5men/2pawns/KQPPK.egtb, 9cf2cb3de857773685dfdbd5f7813f6b
egtbs/5men/2pawns/KKQPP.egtb, 5f888978b642fa65394e021313e56f6c
egtbs/5men/2pawns/KPPKN.egtb, d904b1821ad02d59551c7d48d0d5ae9f
egtbs/5men/2pawns/KNKPP.egtb, 654d9e699abbd64aab5a701595811641
egtbs/5men/2pawns/KPPKB.egtb, d28fdea28bed3fb1ce5c38b2aed4ad2a
egtbs/5men/2pawns/KBKPP.egtb, cc95e2743b4c772b284ad12352174297
egtbs/5men/2pawns/KPPKR.egtb, 4139c0defcaeafb144b0e1e4656a5f5c
egtbs/5men/2pawns/KRKPP.egtb, 8022ec8add5e538561d0e10ab8318363
egtbs/5men/2pawns/KPPKQ.egtb, 06e02b2c2e6b0bdad92d6e18cfc6ff7f
egtbs/5men/2pawns/KQKPP.egtb, e25f152e678f4c81b13c436e7764f8d9
egtbs/5men/2pawns/KNPKP.egtb, b0e3cc2ed19f58311549ffa73a66b07e
egtbs/5men/2pawns/KPKNP.egtb, 232425fa5e34faec297392448c7f644a
egtbs/5men/2pawns/KBPKP.egtb, b518f01f47c28e2ece73bbf3d75625c8
egtbs/5men/2pawns/KPKBP.egtb, 043eb21781621deb7bcd8e0c45cb391e
egtbs/5men/2pawns/KRPKP.egtb, 935fd58a37f5126cc5e4063a7c932428
egtbs/5men/2pawns/KPKRP.egtb, 174735cc612c0bd9916b8a44fb1c8180
egtbs/5men/2pawns/KQPKP.egtb, 9531805ac1cdf67a4907d4ea6c3cf4fd
egtbs/5men/2pawns/KPKQP.egtb, 55b23a656d3d8b5411539322fc41a6d9
egtbs/5men/3pawns/KPPPK.egtb, 62060e2646fce488c5b80cece7ba61a5
egtbs/5men/3pawns/KKPPP.egtb, d1d95908570a1bea9fff60afaa35bd5a
egtbs/5men/3pawns/KPPKP.egtb, 27015c82690b37e5203934029e037f34
egtbs/5men/3pawns/KPKPP.egtb, 2e7ef8e7ff1ffad4f317c206331f80cd
egtbs/6men/0pawns/KNNNNK.egtb, f6128ba14ec23e0340fbe66f22b06444
egtbs/6men/0pawns/KKNNNN.egtb, f727ef568bb9f85ca8993646218746b1
egtbs/6men/0pawns/KBNNNK.egtb, 57ba02df36aa80b43e56c7e7f4090f17
egtbs/6men/0pawns/KKBNNN.egtb, 8cc5933d5546648b9840a7b588ab3266
egtbs/6men/0pawns/KRNNNK.egtb, f82915847ad5545a92b7e294cfd40aa6
egtbs/6men/0pawns/KKRNNN.egtb, 3516507d9bcb0104046cb8b4577c7482
egtbs/6men/0pawns/KQNNNK.egtb, c80ef85964c1aa5e39b6a324f3d8c19d
egtbs/6men/0pawns/KKQNNN.egtb, 400ca798edc2dacbbded47ce5ef2f693
egtbs/6men/0pawns/KNNNKN.egtb, e0aeee051aadf018eecf1bc4acdae350
egtbs/6men/0pawns/KNKNNN.egtb, b0cb05664b27c0414010dbab34e3479f
egtbs/6men/0pawns/KBKNNN.egtb, e267fd6730c110c5b8f2a95829c0db8d
egtbs/6men/0pawns/KNNNKB.egtb, 4e9743424b3d211ae9e528eed9f58775
egtbs/6men/0pawns/KRKNNN.egtb, 36ede8a971ea8cb0354764c153d703d3
egtbs/6men/0pawns/KNNNKR.egtb, ec7a9320b69ea134ccde8bf5c6915475
egtbs/6men/0pawns/KNNNKQ.egtb, 097d1c9d8bda265f99a5883feea23a5f
egtbs/6men/0pawns/KQKNNN.egtb, cc49bcaf333ff9ef0a6b5445aaec084c
egtbs/6men/0pawns/KBBNNK.egtb, a37da9fd3f27fabfed31ad3caa656d4b
egtbs/6men/0pawns/KKBBNN.egtb, 0c201d396ce82f2f87e72eafa5fb4038
egtbs/6men/0pawns/KRBNNK.egtb, 97571f141d2d0cd48df024782faba363
egtbs/6men/0pawns/KKRBNN.egtb, 5c8dc740e49fe15dea2758725faceb0e
egtbs/6men/0pawns/KQBNNK.egtb, d6a90d314f0c379c5e2d907fa6ef19da
egtbs/6men/0pawns/KKQBNN.egtb, 391ada6b63113fdbc37cc8ad933b1b7b
egtbs/6men/0pawns/KBNNKN.egtb, dce5b4da1517add1755f6f84a7f62d80
egtbs/6men/0pawns/KNKBNN.egtb, d97eb5573cf7afae0480a6df4fec558b
egtbs/6men/0pawns/KBKBNN.egtb, ad879ca4bbff41e65d05c45fa3341a48
egtbs/6men/0pawns/KBNNKB.egtb, a278d4cd63b70d749a723ed062597c49
egtbs/6men/0pawns/KRKBNN.egtb, 1c2ad299a0679e40110052ce1481b5d2
egtbs/6men/0pawns/KBNNKR.egtb, c2ca1edd5f73a8962fd124c26696af1d
egtbs/6men/0pawns/KBNNKQ.egtb, 09573823489638bac094679dcf5182ff
egtbs/6men/0pawns/KQKBNN.egtb, e0acaa32720f7d2887ff21aafa328a26
egtbs/6men/0pawns/KRRNNK.egtb, 8c2a94f279a01087916532558699fc92
egtbs/6men/0pawns/KKRRNN.egtb, e126ef4369b78c3b8c7746ec3f871fed
egtbs/6men/0pawns/KQRNNK.egtb, af699c8dd6f50f9d0fab974a3e29dc9c
egtbs/6men/0pawns/KKQRNN.egtb, 95e1624304609671ab763e8f941a7d96
egtbs/6men/0pawns/KRNNKN.egtb, ffa3d75d5736fa5bb866b92a5171161a
egtbs/6men/0pawns/KNKRNN.egtb, 251d7b3a4a8dcc4cba445306537bb35f
egtbs/6men/0pawns/KRNNKB.egtb, 052771623fbca7c67dd56a02719d48c9
egtbs/6men/0pawns/KBKRNN.egtb, 358c72cd6a86740201b63b7d48c5e68b
egtbs/6men/0pawns/KRKRNN.egtb, 6c4097368d2d5c2f5ba44325993dd154
egtbs/6men/0pawns/KRNNKR.egtb, 245742f015cb7cb820c92a9b2bd062f0
egtbs/6men/0pawns/KRNNKQ.egtb, 17b40139046a23484e6af42c36ccf9b6
egtbs/6men/0pawns/KQKRNN.egtb, 528453d747d04a7d03bff8034f2a00be
egtbs/6men/0pawns/KQQNNK.egtb, c66750e52c91ae7ec2aab260e940091a
egtbs/6men/0pawns/KKQQNN.egtb, 2e5ddc6d97a73a140d46322b393ec0e9
egtbs/6men/0pawns/KQNNKN.egtb, 082f410696287a33202f21c416c3b87f
egtbs/6men/0pawns/KNKQNN.egtb, b36ca1232d4fc4c46b1eabca7bf18ca2
egtbs/6men/0pawns/KQNNKB.egtb, fbdaf03eecb8f1b714a2cfcf459d0681
egtbs/6men/0pawns/KBKQNN.egtb, 862f772fa07dd7c819db794c407e48b5
egtbs/6men/0pawns/KQNNKR.egtb, 5003ba95aebef85ad9aa128b4d12abe2
egtbs/6men/0pawns/KRKQNN.egtb, 36be31c66d06a094a31fdc4c67605bb0
egtbs/6men/0pawns/KQNNKQ.egtb, de0be2cd93d2f59e6301985423a140ef
egtbs/6men/0pawns/KQKQNN.egtb, 6bd6d7fff600e7d5102eb26f399b30e6
egtbs/6men/0pawns/KNNKNN.egtb, f30eafe63d17c368241ed9bed3b19869
egtbs/6men/0pawns/KNNKBN.egtb, 9acc2421347c02d02f0fcae19a61dca2
egtbs/6men/0pawns/KBNKNN.egtb, 18ad57a36f4120e4f42375e949deed99
egtbs/6men/0pawns/KNNKRN.egtb, 04a8aa0b74597ebc102c6211f77575bd
egtbs/6men/0pawns/KRNKNN.egtb, 5281ca55527f3d9b943392b7a3c2ac83
egtbs/6men/0pawns/KQNKNN.egtb, d25d204539baa10fd1c9613fd3193786
egtbs/6men/0pawns/KNNKQN.egtb, dadec1ca78f57e3820b027434f529c91
egtbs/6men/0pawns/KNNKBB.egtb, 30f8bbafa62b52c8e36b76920d600ef8
egtbs/6men/0pawns/KBBKNN.egtb, ae14f6fefc22e9785f8ddcc5662d3a70
egtbs/6men/0pawns/KNNKRB.egtb, 11980091f7d3aff8f023c15c40b0f6f9
egtbs/6men/0pawns/KRBKNN.egtb, 1e94d4c2e181aee5b7827546544299a8
egtbs/6men/0pawns/KQBKNN.egtb, 644d63c7293f7b4ca9df25ea559139b5
egtbs/6men/0pawns/KNNKQB.egtb, b55a48aa798c22ecfc19419311c61d8f
egtbs/6men/0pawns/KRRKNN.egtb, 422118dcba8d77224d7c854d72ce9ff0
egtbs/6men/0pawns/KNNKRR.egtb, fd97e1e7620d94fd24723f670cfe92f5
egtbs/6men/0pawns/KQRKNN.egtb, 5290993209ddefeaccd0845e2126aea6
egtbs/6men/0pawns/KNNKQR.egtb, 7450f34e11ede2889d91c91c1bcc9c8f
egtbs/6men/0pawns/KQQKNN.egtb, a064ca9f89162386e8138b396438497e
egtbs/6men/0pawns/KNNKQQ.egtb, 9bff0a1a03e43afbe95ea9dd21fbd2d0
egtbs/6men/0pawns/KBBBNK.egtb, 16b8009fa3aaf51509d7bbb22e88349a
egtbs/6men/0pawns/KKBBBN.egtb, 4a5b9c6811caaf5170928ee1ba6cacfb
egtbs/6men/0pawns/KRBBNK.egtb, 3b47f023e03fe212a5a863ada1619dd9
egtbs/6men/0pawns/KKRBBN.egtb, 961c200f997e7eb1e94192f60e353761
egtbs/6men/0pawns/KQBBNK.egtb, ffc8b4917948fdb28cb8ab6e7ba4aa7f
egtbs/6men/0pawns/KKQBBN.egtb, 1ce40f7c44e8e6c841e6e432f35dc2ee
egtbs/6men/0pawns/KBBNKN.egtb, a4a687223c63b4c8dd1360b621bf52da
egtbs/6men/0pawns/KNKBBN.egtb, a085f5082f434de4b7e3cc629c8ead91
egtbs/6men/0pawns/KBBNKB.egtb, 88f9dea7dda535e5414d31bc92fbfe1b
egtbs/6men/0pawns/KBKBBN.egtb, adff4848384093232d271bc3e6729a38
egtbs/6men/0pawns/KRKBBN.egtb, 616bfde8b36848e26d9572ea1960aa90
egtbs/6men/0pawns/KBBNKR.egtb, 187b79e297947893a4fed7dd8e285273
egtbs/6men/0pawns/KBBNKQ.egtb, 0335f19b234630c06d1971bd41fbbefe
egtbs/6men/0pawns/KQKBBN.egtb, 79e88024dced4fb32615d35aea5be823
egtbs/6men/0pawns/KRRBNK.egtb, a3e976d9c14cf0d0a552c11777517862
egtbs/6men/0pawns/KKRRBN.egtb, 102de3592e4be9b1e6b7c545107cc645
egtbs/6men/0pawns/KQRBNK.egtb, 46f4bb0f35f9de7867e2ca74f8319dd6
egtbs/6men/0pawns/KKQRBN.egtb, fb2bd04a7c9b70c0c2c2cd3b9ff5c64c
egtbs/6men/0pawns/KRBNKN.egtb, ea7c09886692acab9bf33f3ffc275c3d
egtbs/6men/0pawns/KNKRBN.egtb, 2375fa2f11ddd465a8453c87f971a8ef
egtbs/6men/0pawns/KRBNKB.egtb, 50d3b7733c81bbe7d9a02eb2f9c74b13
egtbs/6men/0pawns/KBKRBN.egtb, bdbcd2b007182ce18724b5fbcb4ea551
egtbs/6men/0pawns/KRBNKR.egtb, 06c93a3fb16dea7642bdb82b1da82af1
egtbs/6men/0pawns/KRKRBN.egtb, 5e83e6b33e0c91865286d97147fe18ef
egtbs/6men/0pawns/KRBNKQ.egtb, 430e4ab1164bfe382bc0ebcdae111812
egtbs/6men/0pawns/KQKRBN.egtb, 0a373d67566d7540080173c6196ea5de
egtbs/6men/0pawns/KQQBNK.egtb, e0e7873191b428079388a2547f3bd98b
egtbs/6men/0pawns/KKQQBN.egtb, 7df4f86d7d0dc1a0228f3685fcca06da
egtbs/6men/0pawns/KQBNKN.egtb, 85f6a5ba8e2204a04df0e739f74fb113
egtbs/6men/0pawns/KNKQBN.egtb, 7ce7d9df606d40f58d0fb19eb6b84ff9
egtbs/6men/0pawns/KQBNKB.egtb, 7f8090a27e3d74a9727a662cba19ec74
egtbs/6men/0pawns/KBKQBN.egtb, e6cf32b75195a47f823a8d9a5cd245cb
egtbs/6men/0pawns/KQBNKR.egtb, c7cf841e8b21941e75f58750c7608c2c
egtbs/6men/0pawns/KRKQBN.egtb, fc65969bf2235b28f3287fc6284d795a
egtbs/6men/0pawns/KQBNKQ.egtb, 0d15f6b3795d233c49057845db2a143a
egtbs/6men/0pawns/KQKQBN.egtb, 149bb2c1236a99a89cc0261d93eb3974
egtbs/6men/0pawns/KBNKBN.egtb, 5a2e12759a0f736fd7d261efa4a2ab4d
egtbs/6men/0pawns/KBNKRN.egtb, c6ff2113f6835bc6a41072c3f0627898
egtbs/6men/0pawns/KRNKBN.egtb, 9fdcae66ca7c40be02db4ab12ce66062
egtbs/6men/0pawns/KQNKBN.egtb, c1e3d50507ae7c8a0baae5d914ee2b83
egtbs/6men/0pawns/KBNKQN.egtb, 55f1216c4aadfe2a9b5a6ef03ec4746f
egtbs/6men/0pawns/KBNKBB.egtb, b91ff708937b5f58f33d44b6654df9be
egtbs/6men/0pawns/KBBKBN.egtb, dddc4009c1267b7caed0224c31f51a76
egtbs/6men/0pawns/KBNKRB.egtb, 80d3d5d1a05d345d4494219d1f4a9419
egtbs/6men/0pawns/KRBKBN.egtb, 3f01f2d97acc1bcec71931026aa4102a
egtbs/6men/0pawns/KQBKBN.egtb, 027c56e8bb74ae77302b96ac7a4516a4
egtbs/6men/0pawns/KBNKQB.egtb, 44e5b2b7aff6f4c44cab5375320b195a
egtbs/6men/0pawns/KRRKBN.egtb, 8f4cc24a732fed7b420059dcbf4f79c9
egtbs/6men/0pawns/KBNKRR.egtb, b4f5d51278d0190fc2bd0459f2de9732
egtbs/6men/0pawns/KQRKBN.egtb, 7919ef68345987829da222b28891c12c
egtbs/6men/0pawns/KBNKQR.egtb, f45f9081ace26f34b13a78f773aa2ee9
egtbs/6men/0pawns/KQQKBN.egtb, 5af05fbe4cebc38615d427142e28923c
egtbs/6men/0pawns/KBNKQQ.egtb, 61ef3d9159b250b906e59cbdba63023f
egtbs/6men/0pawns/KRRRNK.egtb, 4b80c72ce34f7190d7e9da22b69f560a
egtbs/6men/0pawns/KKRRRN.egtb, 488cfd2eff294569bb03bafcbb74d4c2
egtbs/6men/0pawns/KQRRNK.egtb, 3bf6fe9ad0045aa80b21d7137e767e98
egtbs/6men/0pawns/KKQRRN.egtb, 1231423969c73b630a053bba6b8a7175
egtbs/6men/0pawns/KRRNKN.egtb, 0d044e87e09a2e903369158b29f17398
egtbs/6men/0pawns/KNKRRN.egtb, b32302eaf4eda7d72c0348bdbd1296e1
egtbs/6men/0pawns/KRRNKB.egtb, c56a32d4476dd81aab8bfd9f2ce85a33
egtbs/6men/0pawns/KBKRRN.egtb, 94e6b19bae8ea7e6cc8af9afc373b634
egtbs/6men/0pawns/KRRNKR.egtb, 5f3d75dd86d9445ee28fee408244581f
egtbs/6men/0pawns/KRKRRN.egtb, 9f7e106bd8794308d09f4b06f5a28eb0
egtbs/6men/0pawns/KRRNKQ.egtb, 4fe34ec98e8f132e081fec8becbf433a
egtbs/6men/0pawns/KQKRRN.egtb, e4e7bd0c56317b8046ca4fd7fdc610b5
egtbs/6men/0pawns/KQQRNK.egtb, fe14a7a28ecdff3224fba0a17e5aa117
egtbs/6men/0pawns/KKQQRN.egtb, 5655ed8960262742596355a6cad63f09
egtbs/6men/0pawns/KQRNKN.egtb, 1e1004d27138a14d4b55e4366dbe6816
egtbs/6men/0pawns/KNKQRN.egtb, 033e64b3d8fea461ce83d48981bd22d5
egtbs/6men/0pawns/KQRNKB.egtb, d0f36c8d5e85c4b781e0dc5ab745b0c9
egtbs/6men/0pawns/KBKQRN.egtb, 20a0ff5dc8f70d23b508c5d0a5fcba2f
egtbs/6men/0pawns/KQRNKR.egtb, 6c36a9dede0956da14bfa87043f32e00
egtbs/6men/0pawns/KRKQRN.egtb, a7bce3cdc20169a4c9f0e7dad3ef51b9
egtbs/6men/0pawns/KQRNKQ.egtb, 64a97a2a586d6a7d458c4323d93dcbaa
egtbs/6men/0pawns/KQKQRN.egtb, a3d64d518424c0ab2e10366808f5980d
egtbs/6men/0pawns/KRNKRN.egtb, 791730a16e81d20e2798b351e4be4518
egtbs/6men/0pawns/KQNKRN.egtb, b1d46fa2ed1b011eba8935b19be05b22
egtbs/6men/0pawns/KRNKQN.egtb, f54559286f4ce308bb462edc048ffc4a
egtbs/6men/0pawns/KBBKRN.egtb, 23191c5581b4815ff2e6694fc559ea4e
egtbs/6men/0pawns/KRNKBB.egtb, 932750e941a85607a95d8a0671c77e0a
egtbs/6men/0pawns/KRNKRB.egtb, 5e3f70d69db17feb4ed751c89651d337
egtbs/6men/0pawns/KRBKRN.egtb, e164381ea798f987f24ce64bc6fb42f2
egtbs/6men/0pawns/KQBKRN.egtb, fe7f30f2afb26e6256d0bb58d302988c
egtbs/6men/0pawns/KRNKQB.egtb, 68d56b78e7fe306da093643b65e78767
egtbs/6men/0pawns/KRNKRR.egtb, 3c6f18cec5a604f4b0a6cc836239319e
egtbs/6men/0pawns/KRRKRN.egtb, 15945260476d8a4bb544b38d1e589c63
egtbs/6men/0pawns/KQRKRN.egtb, 9d8f74a928519c739e75cc3bd771e833
egtbs/6men/0pawns/KRNKQR.egtb, e1fd992b6c01a2e18082045d334067a8
egtbs/6men/0pawns/KQQKRN.egtb, 7a56569f4cfb31cefb7ce8392e5da2f9
egtbs/6men/0pawns/KRNKQQ.egtb, aef778e0cc8cadcf577ec1f6557f9f57
egtbs/6men/0pawns/KQQQNK.egtb, 1d155dca7056763036b90dfa37c78114
egtbs/6men/0pawns/KKQQQN.egtb, 681ea071a51466e1e72e7ac1b171ef32
egtbs/6men/0pawns/KQQNKN.egtb, 2049f646363eea585b91b8e9572d320c
egtbs/6men/0pawns/KNKQQN.egtb, 0e5a00c2815633c4800ab6c250efbcc1
egtbs/6men/0pawns/KQQNKB.egtb, 672a203844535e9872679e1c4e378d54
egtbs/6men/0pawns/KBKQQN.egtb, 52bdbe50a2256445c1450e250e4cb161
egtbs/6men/0pawns/KQQNKR.egtb, d85630bd746bbe22f3e752e0fbd0abb0
egtbs/6men/0pawns/KRKQQN.egtb, 884d67dc217d2fdc522f9b6b404dc84b
egtbs/6men/0pawns/KQQNKQ.egtb, 49545b01a6437745f0ea145048039366
egtbs/6men/0pawns/KQKQQN.egtb, 46600c646acd8200eeb3658c6b2180b2
egtbs/6men/0pawns/KQNKQN.egtb, e7825a6586500d8b78b6077a4a6259dd
egtbs/6men/0pawns/KQNKBB.egtb, 4cba1a29125e6654c69e9a87e3a12126
egtbs/6men/0pawns/KBBKQN.egtb, b227968970c111271d28d4142afd2981
egtbs/6men/0pawns/KQNKRB.egtb, 70d56d2b5624a3c5a33d5e07bc1a9532
egtbs/6men/0pawns/KRBKQN.egtb, 90e8a6ab47f1da069b61a632ea3a8850
egtbs/6men/0pawns/KQNKQB.egtb, b5e182de679bae4d9cbc8fff1e5da4d6
egtbs/6men/0pawns/KQBKQN.egtb, c8745f91f346870326313b87dc64ae90
egtbs/6men/0pawns/KRRKQN.egtb, 2f45bb6a30dad0d42fdc337c6c0fb0d9
egtbs/6men/0pawns/KQNKRR.egtb, 9499a640749922b990722365edf75ccc
egtbs/6men/0pawns/KQNKQR.egtb, 32c1b0b0eb4b7ba8a0172cf1e1a20174
egtbs/6men/0pawns/KQRKQN.egtb, dfa9f2ca0aa3c79b23ebc9d568abe96b
egtbs/6men/0pawns/KQQKQN.egtb, 280cdb0da393f5acbff8f46da78f633f
egtbs/6men/0pawns/KQNKQQ.egtb, 7412b12d948be9f0e4d44c77d91328d9
egtbs/6men/0pawns/KBBBKN.egtb, ea1cf9fb37a4f37795229407d290135a
egtbs/6men/0pawns/KNKBBB.egtb, e44aae50476fe84e7b28f519354e4f5b
egtbs/6men/0pawns/KRBBKN.egtb, a91ba2c2e6ee1906415852d4a97c5e45
egtbs/6men/0pawns/KNKRBB.egtb, 4e9521624986dc24b64fe7067ee92c96
egtbs/6men/0pawns/KQBBKN.egtb, 6416aa22832390e2474d6a269671a8e1
egtbs/6men/0pawns/KNKQBB.egtb, f352515651bfac17f7fe8a56b8a65da7
egtbs/6men/0pawns/KRRBKN.egtb, 235c5dbfa7e0cf1afdb3607d4b3a12ce
egtbs/6men/0pawns/KNKRRB.egtb, b658eab30b830cd03ecec850c5eeb2ca
egtbs/6men/0pawns/KQRBKN.egtb, e5829da1e3e858484b3cf3d50c103994
egtbs/6men/0pawns/KNKQRB.egtb, 850cc07a5b0581c9a4e7390313f8c915
egtbs/6men/0pawns/KQQBKN.egtb, b8350ade1f531094098e14d136ef80b2
egtbs/6men/0pawns/KNKQQB.egtb, 7ccdca9b8ce38fac738f50e84acd74f9
egtbs/6men/0pawns/KRRRKN.egtb, e64654866aeec1b8f8cd08f9b5a51e5b
egtbs/6men/0pawns/KNKRRR.egtb, 5f75702371c9eeeca383aa8de1af37e1
egtbs/6men/0pawns/KQRRKN.egtb, 3bf3586cfd064562c6ac38f556e337eb
egtbs/6men/0pawns/KNKQRR.egtb, 37614727316b8a34fb06beca60144c08
egtbs/6men/0pawns/KQQRKN.egtb, b161561e3bcb4e9123710c220f4b76b0
egtbs/6men/0pawns/KNKQQR.egtb, f58f67886e0f9a2fe976855109a2ab17
egtbs/6men/0pawns/KQQQKN.egtb, 690fc79ad8ce78398a9dd7e6ee9bd6ff
egtbs/6men/0pawns/KNKQQQ.egtb, e559ba3e6a64c81112ae158ce985b5db
egtbs/6men/0pawns/KBBBBK.egtb, cb782555e4974c097a03c21be55a9ad9
egtbs/6men/0pawns/KKBBBB.egtb, d1a7a22f073a49bf761327b6fca7d1c7
egtbs/6men/0pawns/KRBBBK.egtb, 3af6c7cc19c259041efe880204b6ebb2
egtbs/6men/0pawns/KKRBBB.egtb, 6aa41790d47dbffc16ecc3a8b1dba530
egtbs/6men/0pawns/KQBBBK.egtb, 6d650ff11672d34509c78836bf4d42d3
egtbs/6men/0pawns/KKQBBB.egtb, 419ef1b9fcdb19e4277d8a09f9c8c712
egtbs/6men/0pawns/KBBBKB.egtb, 0d3353131bf46ae101168396dc3e2b0e
egtbs/6men/0pawns/KBKBBB.egtb, 272f848167fb88f90f0692462d17e747
egtbs/6men/0pawns/KRKBBB.egtb, b702b60a9c693ddc865b26292eb9449a
egtbs/6men/0pawns/KBBBKR.egtb, 5625d3c1b826c6bce6e36cda7bd12fbf
egtbs/6men/0pawns/KBBBKQ.egtb, 886e5b8e589dfdacf2f00c3bf8fa4ecb
egtbs/6men/0pawns/KQKBBB.egtb, dbe7344c05256a1a912dd3c716e42658
egtbs/6men/0pawns/KRRBBK.egtb, fe66cc4fafd53201b6abb225be160410
egtbs/6men/0pawns/KKRRBB.egtb, dea02466dc5a7a4b10c695033d8f23f7
egtbs/6men/0pawns/KQRBBK.egtb, 85c296e596f65c87e6aea0ab7ebf6256
egtbs/6men/0pawns/KKQRBB.egtb, b7e8ca0189af90b272d5d5d46f34fa4e
egtbs/6men/0pawns/KRBBKB.egtb, 2d316c82feaa2fafd891be5209b97e35
egtbs/6men/0pawns/KBKRBB.egtb, 7f673c5db71470c011727d6c352d9ae3
egtbs/6men/0pawns/KRBBKR.egtb, bc5f1af1733c47ec88055ed6fa76482e
egtbs/6men/0pawns/KRKRBB.egtb, 0c9538472d60c1cb594535a00a176082
egtbs/6men/0pawns/KRBBKQ.egtb, 53b9e6c015f2f9e34ff3a5013e0f539e
egtbs/6men/0pawns/KQKRBB.egtb, e7c2661f7478b129970e17a641162fab
egtbs/6men/0pawns/KQQBBK.egtb, 378bec151d095d0eff06357bb6685e9c
egtbs/6men/0pawns/KKQQBB.egtb, ce86b75e1f16fa45d48daead10013818
egtbs/6men/0pawns/KQBBKB.egtb, 154e2016e7e738c6ba163547efef1981
egtbs/6men/0pawns/KBKQBB.egtb, 098f8fcf16dfa9c28c9124ae8ff76407
egtbs/6men/0pawns/KQBBKR.egtb, e44c315fba77cd1336e8408ec3363a62
egtbs/6men/0pawns/KRKQBB.egtb, 7cff3975d273c8677fd9ae4ef41b8f62
egtbs/6men/0pawns/KQBBKQ.egtb, 41cb4d4016cb2ce4e53c3668b6f4e9a6
egtbs/6men/0pawns/KQKQBB.egtb, 7eb6b4ff8fbf8a455414bfb4fadfbe0b
egtbs/6men/0pawns/KBBKBB.egtb, 085580a4c9447f3f98c984cb0747a201
egtbs/6men/0pawns/KBBKRB.egtb, f17dddb766a8f0fc7487924505525d0f
egtbs/6men/0pawns/KRBKBB.egtb, bbbe57b26e5c839f78294867aa537f7b
egtbs/6men/0pawns/KQBKBB.egtb, c0c8f19c741091c58186ff25c3da9999
egtbs/6men/0pawns/KBBKQB.egtb, 686062c1495ac88a3aee89675b186d50
egtbs/6men/0pawns/KBBKRR.egtb, 30e635ecf2020a1cd64f36593a7e72e3
egtbs/6men/0pawns/KRRKBB.egtb, ecf3332f4e7962bf93006dc3a93b59c3
egtbs/6men/0pawns/KQRKBB.egtb, 07283cc199de662f4c2ba76a8095605b
egtbs/6men/0pawns/KBBKQR.egtb, 44f98a56527a1e9d035011029e61696d
egtbs/6men/0pawns/KQQKBB.egtb, 37807fc393748d70e9638949d7602a0a
egtbs/6men/0pawns/KBBKQQ.egtb, ceb696120ad18edad6a4c0fc8a1b1edd
egtbs/6men/0pawns/KRRRBK.egtb, 4af8be9b27e21f3e7609555454bee59a
egtbs/6men/0pawns/KKRRRB.egtb, fa584b715d8f4fc73df5b5758555f383
egtbs/6men/0pawns/KQRRBK.egtb, 19deca9a66b70d862fb1b691bea88ac7
egtbs/6men/0pawns/KKQRRB.egtb, 0a589c7769c7699437d6191505640fd9
egtbs/6men/0pawns/KRRBKB.egtb, fd82ed03d53ec1b82f88b3775f96e990
egtbs/6men/0pawns/KBKRRB.egtb, c7d9223485d35b0ba34ed184ef1e3e8b
egtbs/6men/0pawns/KRRBKR.egtb, d2bd302d762b23e549e24d055dd3026a
egtbs/6men/0pawns/KRKRRB.egtb, 321937bc9e076bfade0d5488819448db
egtbs/6men/0pawns/KRRBKQ.egtb, 0b5441f3f0b5a627d79b610df4ced184
egtbs/6men/0pawns/KQKRRB.egtb, 361fcd4bb83b596edea9af057f535caa
egtbs/6men/0pawns/KQQRBK.egtb, 342f86c5bb5de326969b0ba397619287
egtbs/6men/0pawns/KKQQRB.egtb, 9d7096c39170dc76b28b5bd1b138ba96
egtbs/6men/0pawns/KQRBKB.egtb, 3709ca3e9669ea5b0a3869c1ea59ad9f
egtbs/6men/0pawns/KBKQRB.egtb, b73a5c12d93b0258bea810af4ba212a5
egtbs/6men/0pawns/KQRBKR.egtb, 29e378aee4ff6cbfdb579f236ea29a2f
egtbs/6men/0pawns/KRKQRB.egtb, e0a43431ccebd956fe17e394ee81ff69
egtbs/6men/0pawns/KQRBKQ.egtb, d70eb17692664c706162fb6db917bd7f
egtbs/6men/0pawns/KQKQRB.egtb, 6050caddf6bee237a4b38e53b4b0214b
egtbs/6men/0pawns/KRBKRB.egtb, c89753f6fbcbb90723ff4fffbf844a07
egtbs/6men/0pawns/KQBKRB.egtb, 1ef5ce359bf893d0265c5eac59e1e012
egtbs/6men/0pawns/KRBKQB.egtb, 113aef1974d69b730b1167b9885282a7
egtbs/6men/0pawns/KRBKRR.egtb, a2ad08cd8edcf6b729571196910386d8
egtbs/6men/0pawns/KRRKRB.egtb, 6633377039b07e5fd9630d658a391bfe
egtbs/6men/0pawns/KRBKQR.egtb, 4301b9b67fa8a430e3623b62706795af
egtbs/6men/0pawns/KQRKRB.egtb, 330674673bff2830964abc2817c2dda0
egtbs/6men/0pawns/KQQKRB.egtb, ffa639226c83c72875c738689db22c5b
egtbs/6men/0pawns/KRBKQQ.egtb, acba31d0b94539439bbcb4d2eabbbc24
egtbs/6men/0pawns/KQQQBK.egtb, 9b566373cb0c856adf6715b80c86d104
egtbs/6men/0pawns/KKQQQB.egtb, 1234aec7a936f68793871dfd8fa3e886
egtbs/6men/0pawns/KQQBKB.egtb, 4fb0883750a90ad3b66ddfff915a1981
egtbs/6men/0pawns/KBKQQB.egtb, 96de022d7d4dc10bd6d1543367accddc
egtbs/6men/0pawns/KQQBKR.egtb, 818c272f3a53d331e471816284ca2d0b
egtbs/6men/0pawns/KRKQQB.egtb, 3878ca1bea131292f301c468556c8f12
egtbs/6men/0pawns/KQQBKQ.egtb, e6061750f621bb5f313f1c7b74169c32
egtbs/6men/0pawns/KQKQQB.egtb, ec897143eeb11b2055cd7fb522de6a31
egtbs/6men/0pawns/KQBKQB.egtb, 9031d2466014cee60addf152d027c3cb
egtbs/6men/0pawns/KRRKQB.egtb, e45660132058d67263e68a478bfb60eb
egtbs/6men/0pawns/KQBKRR.egtb, 4c904d60af2bf6791f6abb473ca53f2b
egtbs/6men/0pawns/KQBKQR.egtb, d5ec41bb56e21d188837c9d31b9ba203
egtbs/6men/0pawns/KQRKQB.egtb, 2c352722f9b12cfde65cde211c7679f6
egtbs/6men/0pawns/KQBKQQ.egtb, 7fc6777c3a24b85c917f8c9a4dd773df
egtbs/6men/0pawns/KQQKQB.egtb, 0504981ef773f3f891dd18478cc96692
egtbs/6men/0pawns/KRRRKB.egtb, 98811e22e878e5413cf42b89fd587f45
egtbs/6men/0pawns/KBKRRR.egtb, 74166d1253e0a020908877d6e1e8ce12
egtbs/6men/0pawns/KQRRKB.egtb, ebc67d698ac25734d7d659cd2419182d
egtbs/6men/0pawns/KBKQRR.egtb, 98f9f8d99b29a9a24bdcad0d6e102c7b
egtbs/6men/0pawns/KQQRKB.egtb, c578f6f6bb23ae829594a42ffee2ddd4
egtbs/6men/0pawns/KBKQQR.egtb, 9cec32d54fa9202b87fe638b14407c86
egtbs/6men/0pawns/KQQQKB.egtb, e51a4a1c1dc078db9b21a27d50d689ea
egtbs/6men/0pawns/KBKQQQ.egtb, 25191178ce9776c7a60160e37c2185d5
egtbs/6men/0pawns/KRRRRK.egtb, e3a6295f1d5567f2e42431c55ae41738
egtbs/6men/0pawns/KKRRRR.egtb, 91380cc58135e78a083443e47c754517
egtbs/6men/0pawns/KQRRRK.egtb, 55bf14d0c67ec5cc8b20906897d3723e
egtbs/6men/0pawns/KKQRRR.egtb, ade04d70881e6d9ff902fe045f23926e
egtbs/6men/0pawns/KRRRKR.egtb, 52d23c9c7c07f98a5fe7ae4e26194118
egtbs/6men/0pawns/KRKRRR.egtb, af81f7815c03566787ba87f93942c355
egtbs/6men/0pawns/KRRRKQ.egtb, 592316f3d386a1e5071b6ed9bfad560a
egtbs/6men/0pawns/KQKRRR.egtb, c6855945f6ff7352294542d6355be603
egtbs/6men/0pawns/KQQRRK.egtb, 6236e6c00433b37cd801f917d730d01e
egtbs/6men/0pawns/KKQQRR.egtb, 29d2191427e89862e2f1eb85ee8d29a3
egtbs/6men/0pawns/KQRRKR.egtb, e28dc6a8be5ebb18a3650a546d668d70
egtbs/6men/0pawns/KRKQRR.egtb, 1b05ec1d1562b90118c38110c2c39701
egtbs/6men/0pawns/KQRRKQ.egtb, f7a51189147094836e369bc165bef629
egtbs/6men/0pawns/KQKQRR.egtb, 0868da55d86a38f11c72ef6e2682c254
egtbs/6men/0pawns/KRRKRR.egtb, 98384f414c89649056f568901177926f
egtbs/6men/0pawns/KRRKQR.egtb, effd8bc6e78ccb11469fb857dc8bfc90
egtbs/6men/0pawns/KQRKRR.egtb, b0c8fffa8ec141eee0c920abd9134616
egtbs/6men/0pawns/KQQKRR.egtb, bac99e7c0aa26310d963de204af5ea02
egtbs/6men/0pawns/KRRKQQ.egtb, 6faeefa9dca8dd3befebeb4df5bccf7f
egtbs/6men/0pawns/KQQQRK.egtb, 15d45a26337169144a4c9d5822c541e1
egtbs/6men/0pawns/KKQQQR.egtb, 8139cf6fb3c1bea45057ae73d26a45df
egtbs/6men/0pawns/KQQRKR.egtb, 280af944c813d96f8aef5d5ceec978ad
egtbs/6men/0pawns/KRKQQR.egtb, e5bcfb27827c00963799aa360b76b738
egtbs/6men/0pawns/KQQRKQ.egtb, a48715a8e91521ab69b0edba23b0a336
egtbs/6men/0pawns/KQKQQR.egtb, 53ab0b284e728a4a7e907e63a54afe13
egtbs/6men/0pawns/KQRKQR.egtb, b2d68d1a0b6ef7cc56e840795c5fb938
egtbs/6men/0pawns/KQQKQR.egtb, 268e019b6695a440ec604cafcc2aa1e2
egtbs/6men/0pawns/KQRKQQ.egtb, 92999a80eacac0c78c9cb7c7a658aa52
egtbs/6men/0pawns/KQQQKR.egtb, 1ac629c41a0c6a365994be436f5c2e40
egtbs/6men/0pawns/KRKQQQ.egtb, 587f211b697667bdcb4394ecdd54a23b
egtbs/6men/0pawns/KQQQQK.egtb, 2834eba536ac9b32aabe13d65d55c2ac
egtbs/6men/0pawns/KKQQQQ.egtb, d3a2b343f0d2f56cfaff215d80fe6ed7
egtbs/6men/0pawns/KQQQKQ.egtb, ad10c3ff2c938a36ac9f6ee9db2288b5
egtbs/6men/0pawns/KQKQQQ.egtb, 2c69bebce2c7a9630a32026da6d8e63a
egtbs/6men/0pawns/KQQKQQ.egtb, c0297b90cd743d88776111a3f20965e7
egtbs/6men/1pawns/KNNNPK.egtb, 925d054fe6acd4cce383e96a6a35b98c
egtbs/6men/1pawns/KKNNNP.egtb, 03907943ca793d0822652914c9e4bf8a
egtbs/6men/1pawns/KBNNPK.egtb, c3c3b581f762fba520ae19492543c39a
egtbs/6men/1pawns/KKBNNP.egtb, 8a17174900d878202f5d23559b5535eb
egtbs/6men/1pawns/KRNNPK.egtb, e2f3b27a3c5be1b46290c1ca51cfd06b
egtbs/6men/1pawns/KKRNNP.egtb, 71f1acc6ffe3d869d672c4dfdd54fa06
egtbs/6men/1pawns/KQNNPK.egtb, a43bb25b23ba0469755435c421af0063
egtbs/6men/1pawns/KKQNNP.egtb, 5333503794112c2dbfc617d16b68d32d
egtbs/6men/1pawns/KNNPKN.egtb, 69aa6df71012f64d77fd7b2e477ef7bc
egtbs/6men/1pawns/KNKNNP.egtb, 43f0cd2a6d87798ea8c7864198ab213c
egtbs/6men/1pawns/KBKNNP.egtb, 853c27fb4b7fd801aecb39c2060cdf5f
egtbs/6men/1pawns/KNNPKB.egtb, 027e912f84b721fe769eccf490b03c13
egtbs/6men/1pawns/KRKNNP.egtb, 75f83e5770472aa8a258fd5311be2f61
egtbs/6men/1pawns/KNNPKR.egtb, 239cfae17628e25ca97cedeef0237736
egtbs/6men/1pawns/KQKNNP.egtb, 653d546cee7d88d22018d0cf21441fa5
egtbs/6men/1pawns/KNNPKQ.egtb, 33b7a1da64d1fcfc6ed64152c6dabe44
egtbs/6men/1pawns/KBBNPK.egtb, a5da825acbb8fdcaa937857e7a605e96
egtbs/6men/1pawns/KKBBNP.egtb, e2b8e69ac15dc5e6a421ebc8293e740e
egtbs/6men/1pawns/KRBNPK.egtb, 3d2592bdb47aaa24c7140fd6b7795d07
egtbs/6men/1pawns/KKRBNP.egtb, b9f4cd9948a02ad389657bf6dcee92ce
egtbs/6men/1pawns/KQBNPK.egtb, 800e5d6122c88f29eff6218a0f472fd8
egtbs/6men/1pawns/KKQBNP.egtb, 4f3c7f9d70006dbf3a9eb662374f3197
egtbs/6men/1pawns/KBNPKN.egtb, 532a1dfbbd0526b635934c11e7d67b83
egtbs/6men/1pawns/KNKBNP.egtb, 8bbe9126eb92b5e93eb8f6817c77c2d1
egtbs/6men/1pawns/KBNPKB.egtb, 0cdfca55609e43f82fcb525f106570c6
egtbs/6men/1pawns/KBKBNP.egtb, 165632e92c2d3ca9b74fce1db92285e4
egtbs/6men/1pawns/KRKBNP.egtb, c361f40a82c03001585483859c8d3306
egtbs/6men/1pawns/KBNPKR.egtb, 95854a2fc5d471bef7c6e67a7c9b142f
egtbs/6men/1pawns/KQKBNP.egtb, 5829fa73dec092c5cc6053a093141268
egtbs/6men/1pawns/KBNPKQ.egtb, 177fde72002535e87feb06c6457c6cca
egtbs/6men/1pawns/KRRNPK.egtb, f1b73329f5d7e703f936032f3ec1da10
egtbs/6men/1pawns/KKRRNP.egtb, efc0191999cb32a1ff751e620656c54e
egtbs/6men/1pawns/KQRNPK.egtb, 0e09dc38a8b93355f6ac02a380603054
egtbs/6men/1pawns/KKQRNP.egtb, a6e71885af76e140e534544cc70c49b7
egtbs/6men/1pawns/KRNPKN.egtb, 6fdfb3bef555ac6da9508f41752c6c9d
egtbs/6men/1pawns/KNKRNP.egtb, 571a7f55a9d269154550d2d42ab67d38
egtbs/6men/1pawns/KRNPKB.egtb, f883b7ec36e4673cc55d3b6bc83be0e2
egtbs/6men/1pawns/KBKRNP.egtb, 7b90b7af2b25d0e21fc22774c2f87d50
egtbs/6men/1pawns/KRNPKR.egtb, e220ebc80cb0c8832c6e2021d954abf0
egtbs/6men/1pawns/KRKRNP.egtb, 85704b332e460e9cc6381e17b7ea3151
egtbs/6men/1pawns/KRNPKQ.egtb, fcdf077c20c503b0bbac0b629ff40584
egtbs/6men/1pawns/KQKRNP.egtb, f98c7d66eccf02d7807ab06d6071aa08
egtbs/6men/1pawns/KQQNPK.egtb, c5bbc33345c0958c70995a897afe1ac0
egtbs/6men/1pawns/KKQQNP.egtb, 8b78dce378ef5431bf6c1a88be0f85d5
egtbs/6men/1pawns/KQNPKN.egtb, 65d61de1d1b01cd29e26b6d780136fd4
egtbs/6men/1pawns/KNKQNP.egtb, 292788d27ab112d2bd1a957b95d13e8b
egtbs/6men/1pawns/KQNPKB.egtb, cc68da9fa8685e7adfe7e0157f4043a5
egtbs/6men/1pawns/KBKQNP.egtb, 06d2bc237df8284fd7536d363cd3c6e0
egtbs/6men/1pawns/KQNPKR.egtb, f68150083f70cd28c5126089b3f7fd3e
egtbs/6men/1pawns/KRKQNP.egtb, 8ea77392caed88075ddd340c7a78bfd8
egtbs/6men/1pawns/KQNPKQ.egtb, 0a70e7ce39cd319011c928891411c115
egtbs/6men/1pawns/KQKQNP.egtb, 31c16f5547920eefa3b424a5504c60ae
egtbs/6men/1pawns/KNPKNN.egtb, 072ba310190edd85989f842c8b27d3f7
egtbs/6men/1pawns/KNNKNP.egtb, 085d8b9fca356b99e1f4180d3e05db83
egtbs/6men/1pawns/KNPKBN.egtb, 903724757346b31e16357f21c525c0d1
egtbs/6men/1pawns/KBNKNP.egtb, e811b26b7588bd8b58e02490a4b3563e
egtbs/6men/1pawns/KNPKRN.egtb, 1c773ef4d267390bd6874cab53722f24
egtbs/6men/1pawns/KRNKNP.egtb, a7a51f164bbc2e9ace35890c4ceb9cb4
egtbs/6men/1pawns/KNPKQN.egtb, d0b811ca8141e12b41f439cd18818cae
egtbs/6men/1pawns/KQNKNP.egtb, fe1ade3754d086181bd35705d532e882
egtbs/6men/1pawns/KNPKBB.egtb, 2d117c3f3dceb65a0baa75e22bd3bd8d
egtbs/6men/1pawns/KBBKNP.egtb, bd57b776d1facfe9ad215fb95af32726
egtbs/6men/1pawns/KNPKRB.egtb, 32a2a57168f36b344adfae07670556d2
egtbs/6men/1pawns/KRBKNP.egtb, 7f02142b661171032184855620eb1636
egtbs/6men/1pawns/KNPKQB.egtb, c451d36c45c7c24d893e77c4fecf23df
egtbs/6men/1pawns/KQBKNP.egtb, 157c763e161bcfcb96ad0170cd5c2144
egtbs/6men/1pawns/KNPKRR.egtb, b6421c7223ee0bc61b1da3d527e81fb1
egtbs/6men/1pawns/KRRKNP.egtb, e760a931e8fa704242decaae4b6ac004
egtbs/6men/1pawns/KNPKQR.egtb, 793103f5aa44bc9e3a9646bb57a3706a
egtbs/6men/1pawns/KQRKNP.egtb, 0cf89aead14e218597d87d8d8896d2b3
egtbs/6men/1pawns/KNPKQQ.egtb, c0086abb82ebf6e8200af50976a6ee95
egtbs/6men/1pawns/KQQKNP.egtb, 6031c471b05c10c2fd526a3f5685cd3c
egtbs/6men/1pawns/KBBBPK.egtb, d0cc82e385eb3a1df6e7e264fa7c2502
egtbs/6men/1pawns/KKBBBP.egtb, 5aec75eec2a68573b4fa015977d5d15e
egtbs/6men/1pawns/KRBBPK.egtb, 89fc02eeb4cbbeedaa87041610d5a73e
egtbs/6men/1pawns/KKRBBP.egtb, 054795cba683fbc84193a2446b879d95
egtbs/6men/1pawns/KQBBPK.egtb, cd1de3d4287ddb67be2a2b3d34994a5c
egtbs/6men/1pawns/KKQBBP.egtb, f5b051d020120b1c8a2505e5860e0152
egtbs/6men/1pawns/KBBPKN.egtb, 3a8fc8c385f4cdf431b9175ec0710faa
egtbs/6men/1pawns/KNKBBP.egtb, 2e7869c538276ffb03ed261af833fffc
egtbs/6men/1pawns/KBBPKB.egtb, 46371e33a9c158f0e4320ad572d3c5e1
egtbs/6men/1pawns/KBKBBP.egtb, b2d446bde5ab0314675f154afd1d32ae
egtbs/6men/1pawns/KBBPKR.egtb, 5c5830714f4e5a55b8d99b78b75c79dc
egtbs/6men/1pawns/KRKBBP.egtb, eeb16eeef4f98c9378a71e4f122717c7
egtbs/6men/1pawns/KBBPKQ.egtb, 1175fd996fa2242896f1e01af4c45285
egtbs/6men/1pawns/KQKBBP.egtb, 4ce27dfd35a5158d5aeb8c2100d343f8
egtbs/6men/1pawns/KRRBPK.egtb, 36151db54e4e58ac2876dc7ff3848e4d
egtbs/6men/1pawns/KKRRBP.egtb, 137a3fa92358eaee0cc3f6d572ed16a1
egtbs/6men/1pawns/KQRBPK.egtb, 44ac9e2c92d8757fc757e0d8f33fd17e
egtbs/6men/1pawns/KKQRBP.egtb, 5be09c84afae7250a4c2ec98ead58aef
egtbs/6men/1pawns/KRBPKN.egtb, 9f9912c140ab5eb72450b11557eba009
egtbs/6men/1pawns/KNKRBP.egtb, 90dbb23b6b3c42863f06dc02208fb4a1
egtbs/6men/1pawns/KRBPKB.egtb, 9d63133e0ddd4a93d22d9701bc24af7c
egtbs/6men/1pawns/KBKRBP.egtb, 8dd89b8b8a8cb318f5d47aba28c876fe
egtbs/6men/1pawns/KRBPKR.egtb, 266c50ef47a3121900b6cb7df11ea959
egtbs/6men/1pawns/KRKRBP.egtb, 9baa1f59e45fe00b3caecd1405fa81e7
egtbs/6men/1pawns/KRBPKQ.egtb, a46ea56c25b722d107aa915a339177b0
egtbs/6men/1pawns/KQKRBP.egtb, b3a747c1ad07d254d04ca107f4ae3ddd
egtbs/6men/1pawns/KQQBPK.egtb, 0ae9afcef000d6a883c126f57c854d68
egtbs/6men/1pawns/KKQQBP.egtb, 28fb5e1aa2c32a5c5ee3bb63ba4912a4
egtbs/6men/1pawns/KQBPKN.egtb, 4f5c5a161602718f91bf335c48c83578
egtbs/6men/1pawns/KNKQBP.egtb, 19eb0e2d4a78e5286059081d8af1bf3e
egtbs/6men/1pawns/KQBPKB.egtb, 1588d7c3b08b59c9295dcdf1878f09e8
egtbs/6men/1pawns/KBKQBP.egtb, 75d36e45d74116d95c0884370abc9832
egtbs/6men/1pawns/KQBPKR.egtb, 569c648280bb0a924042d84f3ba8a898
egtbs/6men/1pawns/KRKQBP.egtb, 7954d4b5f7f20b23f592f017a6ae61c0
egtbs/6men/1pawns/KQBPKQ.egtb, 2d7a94fa4e5573317ff61bdbf46e3e7b
egtbs/6men/1pawns/KQKQBP.egtb, b3a9622a01f4b70cc47f83a59b9cba29
egtbs/6men/1pawns/KBPKNN.egtb, b04e2f5bdfbd19a5d42e715249904b21
egtbs/6men/1pawns/KNNKBP.egtb, d5c8d0b531f422791d9d3ffe8b35bff8
egtbs/6men/1pawns/KBPKBN.egtb, 562d7bc0f97a755ea82db7f6dfd243b0
egtbs/6men/1pawns/KBNKBP.egtb, 2e54802e486a501e195ad8096672c884
egtbs/6men/1pawns/KBPKRN.egtb, 9997c674cdb75985761d49d223c9c2a7
egtbs/6men/1pawns/KRNKBP.egtb, 1ca99ca298fd458ff2ed1bfeeea61dec
egtbs/6men/1pawns/KBPKQN.egtb, d9fe57fdf7cda67d4a375b3184ac2aa4
egtbs/6men/1pawns/KBPKBB.egtb, 2eb1dcb076561f905f7c892058f2af52
egtbs/6men/1pawns/KBBKBP.egtb, 230a3c20f9289305d219f6781b9d49cb
egtbs/6men/1pawns/KQNKBP.egtb, 31f0460627af2c73283e0105a58bc995
egtbs/6men/1pawns/KBPKRB.egtb, b17aa4a13da5de55bb63f775c06799b5
egtbs/6men/1pawns/KRBKBP.egtb, e17a826add51ac39b0c5a1dcd435f4aa
egtbs/6men/1pawns/KBPKQB.egtb, 2c3a1ff49b275a8f40ef0fb5b8156822
egtbs/6men/1pawns/KQBKBP.egtb, 21f4b95f1a1da702780555be941788cf
egtbs/6men/1pawns/KBPKRR.egtb, 0c201b40f281085f62eed1f88a469d61
egtbs/6men/1pawns/KRRKBP.egtb, 30753a58153a96c70950fcc598241b1c
egtbs/6men/1pawns/KBPKQR.egtb, 6724b1bda55c0f110fe4c5ded585a812
egtbs/6men/1pawns/KQRKBP.egtb, 5eec81aaf473f53df5a2af9ca95ed124
egtbs/6men/1pawns/KBPKQQ.egtb, ea258f6102492367c2859b7e641601b2
egtbs/6men/1pawns/KRRRPK.egtb, 0dbe559a0a496f64a36248a2860c2d39
egtbs/6men/1pawns/KQQKBP.egtb, cca8a41a22470b1da0ea72332de0af92
egtbs/6men/1pawns/KKRRRP.egtb, 1af60a9b0c0f35c81c1fedeccfe18865
egtbs/6men/1pawns/KQRRPK.egtb, 9cf58461204a90c84ba7b71ade4651c0
egtbs/6men/1pawns/KKQRRP.egtb, 1d331ac48aabcb3053b92f30e613e345
egtbs/6men/1pawns/KRRPKN.egtb, 1c6ccf17fb3b677eed4478ef7576224f
egtbs/6men/1pawns/KNKRRP.egtb, 7cb5dd8d303764f3bf5bbdbf5fa60366
egtbs/6men/1pawns/KRRPKB.egtb, c8e869383200fcc401af8bd101796e70
egtbs/6men/1pawns/KBKRRP.egtb, 6767b5173ae1bcbfe2b63c2afbdd1cf0
egtbs/6men/1pawns/KRRPKR.egtb, a6095842fe9be82c657ddbef2811fb99
egtbs/6men/1pawns/KRKRRP.egtb, 692ea3a06c47bb76657a06321429d1b4
egtbs/6men/1pawns/KRRPKQ.egtb, cf152027b2172354bdf7c0365c28e082
egtbs/6men/1pawns/KQKRRP.egtb, ef2cbd1349d5a20878b05597f6d2ecdf
egtbs/6men/1pawns/KQQRPK.egtb, f9136516d0abd340f1c1cc053a870e91
egtbs/6men/1pawns/KKQQRP.egtb, 425da37690c90cd1c2d949a347023c90
egtbs/6men/1pawns/KQRPKN.egtb, 330f193830c9e9cb382562d20d89589b
egtbs/6men/1pawns/KNKQRP.egtb, 4a05fc2b7524ad969a9966b801068a3d
egtbs/6men/1pawns/KQRPKB.egtb, 2caf487211150a2bce065c272cfb4e99
egtbs/6men/1pawns/KBKQRP.egtb, 1dbc77455191660607606844598c446a
egtbs/6men/1pawns/KQRPKR.egtb, 75360e7da76d7864ff740af931efd67e
egtbs/6men/1pawns/KRKQRP.egtb, 4dd64d6b2f416f651c22495bcec1e9c7
egtbs/6men/1pawns/KQRPKQ.egtb, ba612bca00a32e43181bf28a057d9146
egtbs/6men/1pawns/KQKQRP.egtb, 01cd66a97f042f169a2fe6e82c1b9613
egtbs/6men/1pawns/KRPKNN.egtb, 90d6f85ff0ed5360bddb42357dd8419c
egtbs/6men/1pawns/KNNKRP.egtb, 6772002cf4f7d3d9b2b2477da2e9931c
egtbs/6men/1pawns/KRPKBN.egtb, bbd0ed1031870d0ecc938c03f100abdb
egtbs/6men/1pawns/KBNKRP.egtb, cbe620a9efc1535ddf0f672468169e7b
egtbs/6men/1pawns/KRPKRN.egtb, f321a19087a3b70bc2a1dc3bd08a3ae1
egtbs/6men/1pawns/KRNKRP.egtb, 0ea4f1cd00ac3dc65babf8225d14d7fd
egtbs/6men/1pawns/KRPKQN.egtb, 9544c534a6cb837a84f495d7cf2dd88e
egtbs/6men/1pawns/KQNKRP.egtb, 2bc4a1b7b30954028caf27437951f135
egtbs/6men/1pawns/KRPKBB.egtb, 9871811e6df9f3d681f5f8bf2d877d26
egtbs/6men/1pawns/KBBKRP.egtb, 5194ee83824ef040d62a65fe0e9176b9
egtbs/6men/1pawns/KRPKRB.egtb, 46ab66ebd52194268bd7d23aaac2fcb5
egtbs/6men/1pawns/KRBKRP.egtb, 06a65bd3bd2db7e5ad3d967e76f374c8
egtbs/6men/1pawns/KRPKQB.egtb, 560b70c066a50289b5ab6b8a6ea31fd9
egtbs/6men/1pawns/KQBKRP.egtb, dda7cd26f7642c77ca524b3682856dc9
egtbs/6men/1pawns/KRPKRR.egtb, c9c941b9826f43a4a8a2f54dacbbf3a8
egtbs/6men/1pawns/KRRKRP.egtb, d8d908f573f0eaa70e6b22e961e7a1d0
egtbs/6men/1pawns/KRPKQR.egtb, d608ac6236bcf2b1625525adfe4ecc27
egtbs/6men/1pawns/KQRKRP.egtb, 1f020fc556e65ba4921889a4595972d9
egtbs/6men/1pawns/KRPKQQ.egtb, 653c4e61a9a20cc23e7949d9254d9634
egtbs/6men/1pawns/KQQQPK.egtb, f7e9f974b6afdfd217f7d85d9cecf8db
egtbs/6men/1pawns/KKQQQP.egtb, bc451e45d679087bdef791ceea0c5a9d
egtbs/6men/1pawns/KQQKRP.egtb, 8acf259f9f8dff532b5d579c389996fe
egtbs/6men/1pawns/KQQPKN.egtb, 6b1500ff080637d1e865ab33388ee81f
egtbs/6men/1pawns/KNKQQP.egtb, 3dc304ed47b891fa2e5cf79376703f1f
egtbs/6men/1pawns/KQQPKB.egtb, 84f628adb58e86b8629be314c4199733
egtbs/6men/1pawns/KBKQQP.egtb, 12657b2bf1d1df5511f5f9c53e813e4e
egtbs/6men/1pawns/KQQPKR.egtb, e2227464fadba2189809600f90ef540b
egtbs/6men/1pawns/KRKQQP.egtb, 08e28691206460e03621d2c65990ca2c
egtbs/6men/1pawns/KQQPKQ.egtb, d7983d7709f0ba5657bc1b4e5cc5e1f3
egtbs/6men/1pawns/KQKQQP.egtb, 1328e799632245ca8e21aea0da6833ff
egtbs/6men/1pawns/KQPKNN.egtb, cd607ea5f424ec9f0199372cdedb4b0e
egtbs/6men/1pawns/KNNKQP.egtb, a67bdbca61ec5b6a5c6895f761fdff15
egtbs/6men/1pawns/KQPKBN.egtb, 67f259fe1bf6cf8cb68f6200b399f9a7
egtbs/6men/1pawns/KBNKQP.egtb, 654776a5118f336926776fe5d5606dfa
egtbs/6men/1pawns/KQPKRN.egtb, 40cdd8fc88f91b2444682b8af4dd9108
egtbs/6men/1pawns/KRNKQP.egtb, d510882d37d19f539a89bb923d2f974f
egtbs/6men/1pawns/KQPKQN.egtb, cacdecb59fba0baa875b239ffd77e10c
egtbs/6men/1pawns/KQNKQP.egtb, d74601dc94bd99adca692dcb42dde3a4
egtbs/6men/1pawns/KQPKBB.egtb, 35a880affbf229d03e8361684bb945d2
egtbs/6men/1pawns/KBBKQP.egtb, 24833dd14c7b0e48e854b64de8515f05
egtbs/6men/1pawns/KQPKRB.egtb, c3d15ce0f4478f8d4f0e673f15eba070
egtbs/6men/1pawns/KRBKQP.egtb, fad1d6553683a57d311ea689cd99e4a3
egtbs/6men/1pawns/KQPKQB.egtb, b9221102fa05ae6e229330eab14ed52b
egtbs/6men/1pawns/KQBKQP.egtb, 04b74f452d4b066fae5d7e6b94bc00fc
egtbs/6men/1pawns/KQPKRR.egtb, 83430ad5eef4d9a5ece864d27ee7f447
egtbs/6men/1pawns/KRRKQP.egtb, 991e52de7bd983f266f5d834b5570162
egtbs/6men/1pawns/KQPKQR.egtb, 5a91d301fe6284259819daa6a6872167
egtbs/6men/1pawns/KQRKQP.egtb, be0ef6fa4e894c6379f360ee99ef200c
egtbs/6men/1pawns/KQPKQQ.egtb, c8a4741ac222054eeb631f73efd5a5f3
egtbs/6men/1pawns/KQQKQP.egtb, 2025f081d6b329998ccfbbb138f70ac2
egtbs/6men/1pawns/KPKNNN.egtb, ee0ccbcadb91d3682cdab0d22288415e
egtbs/6men/1pawns/KNNNKP.egtb, 7bee56bbe104509d8a0d60ae939eb1c6
egtbs/6men/1pawns/KPKBNN.egtb, 607f44e90c96eff153d6a8fc4c0f2d95
egtbs/6men/1pawns/KBNNKP.egtb, 094d846aab761afdb2c3bdbee4ef7e8e
egtbs/6men/1pawns/KPKRNN.egtb, 8c858dbc5f24cfc86adb70098fe80566
egtbs/6men/1pawns/KRNNKP.egtb, 36d1cdb61fecd76e5864e5588d619eba
egtbs/6men/1pawns/KPKQNN.egtb, 221103146b078446c859d2ba62dd1a5a
egtbs/6men/1pawns/KQNNKP.egtb, 4c9d5bd2419d8e5fbb9083aaf954ab10
egtbs/6men/1pawns/KPKBBN.egtb, f6efb0f8842f8631710f0611696ca6c0
egtbs/6men/1pawns/KBBNKP.egtb, e2a7d079497c684aba5b7a58dc12e3d4
egtbs/6men/1pawns/KPKRBN.egtb, 04e160e6e7403510279569ffe69e2f4d
egtbs/6men/1pawns/KRBNKP.egtb, e629d3068e9aa8b94c41aa382ece3c42
egtbs/6men/1pawns/KPKQBN.egtb, fb6bf6aae180629acb66151aba25a460
egtbs/6men/1pawns/KQBNKP.egtb, 39c38ed4b27332b3a8532ef447ce094c
egtbs/6men/1pawns/KPKRRN.egtb, c9eecaa3f36b314749654cb0fa6b3dc8
egtbs/6men/1pawns/KRRNKP.egtb, 29a78f3ba3d82f1810092214eb17ce2c
egtbs/6men/1pawns/KPKQRN.egtb, 370c95784e08a8988249651fe5ae98bc
egtbs/6men/1pawns/KQRNKP.egtb, fd3590147b8d90961fbffe784beaa4fb
egtbs/6men/1pawns/KPKQQN.egtb, 45a373845b808da1ccf26de9454fdaa5
egtbs/6men/1pawns/KQQNKP.egtb, 6d5bc7bb2e6bda6b0df9d3a3ca6c0588
egtbs/6men/1pawns/KPKBBB.egtb, eb4e51bdc5e97b857f05f5c9c74751fa
egtbs/6men/1pawns/KBBBKP.egtb, 78f2afac8a1c6e27e0596b7dac8dd12b
egtbs/6men/1pawns/KPKRBB.egtb, c5708d74e68df1388fd64308ade8c7f7
egtbs/6men/1pawns/KRBBKP.egtb, b690b0ddd951f2feedc73fc343bd6d11
egtbs/6men/1pawns/KPKQBB.egtb, 85b66fee222848458271a44a38c48a9b
egtbs/6men/1pawns/KQBBKP.egtb, 8787446395d279eae6d95dac6ba11392
egtbs/6men/1pawns/KPKRRB.egtb, 1d127d3a8f90b691744b1f5b0e5a9401
egtbs/6men/1pawns/KRRBKP.egtb, 4f19459164cd50253d8576bae05b868d
egtbs/6men/1pawns/KPKQRB.egtb, e9cb5a1287e5137b2ca01f2ea8084a03
egtbs/6men/1pawns/KQRBKP.egtb, d8116195cdcfe6ed828e7100db2520c4
egtbs/6men/1pawns/KPKQQB.egtb, 02c7b0131ae4e5e3469cffd85910f174
egtbs/6men/1pawns/KQQBKP.egtb, 4aeba25e96ecca24e54e8d787099f52d
egtbs/6men/1pawns/KPKRRR.egtb, c3329fbec3c5386b212ef7ba02e69373
egtbs/6men/1pawns/KRRRKP.egtb, 6d971d2112920e2906e0ef245d4c0c04
egtbs/6men/1pawns/KPKQRR.egtb, 9404bd364b00b3fd6c2b3c5f493a3577
egtbs/6men/1pawns/KQRRKP.egtb, 90c6f26c85fb393fd46d81484b8c2d0c
egtbs/6men/1pawns/KPKQQR.egtb, 87d196ebef15203836dc90279d7449a8
egtbs/6men/1pawns/KQQRKP.egtb, 7b1f04acad464bb1d9ee781829a30c95
egtbs/6men/1pawns/KPKQQQ.egtb, 66c4a5063fb079985c7e9d183e02d675
egtbs/6men/1pawns/KQQQKP.egtb, 8c328816f3d92b2eaa2d6829e988b7ab
egtbs/6men/2pawns/KNNPPK.egtb, 7f98cbe6f9839bfd48dcc23542a2164e
egtbs/6men/2pawns/KKNNPP.egtb, 50a803b561aff50db1f9b14af41c3612
egtbs/6men/2pawns/KBNPPK.egtb, 97a2fb5aff8a1979e17bef9b73e06fb9
egtbs/6men/2pawns/KKBNPP.egtb, 7a61a90f636e46ab8519d4afe3252334
egtbs/6men/2pawns/KRNPPK.egtb, beac4c33acf677ec6a6609f7c8a28970
egtbs/6men/2pawns/KKRNPP.egtb, 9361fb01d79aadc204dfac4cea55ee7a
egtbs/6men/2pawns/KQNPPK.egtb, 985791e4287bed9797890416a99575fe
egtbs/6men/2pawns/KKQNPP.egtb, a6e4680abe85b7cca183490afc137deb
egtbs/6men/2pawns/KNPPKN.egtb, b59ef5a3ece65e15740defea0dcee023
egtbs/6men/2pawns/KNKNPP.egtb, 21f23345ec0276b78defc5ba55373bd3
egtbs/6men/2pawns/KNPPKB.egtb, 5683534f916545e474c7457d4a941d3e
egtbs/6men/2pawns/KBKNPP.egtb, 42542612df5d8475cc9ee0b230366319
egtbs/6men/2pawns/KNPPKR.egtb, c463d0862ff6a9f26a48de6e57028105
egtbs/6men/2pawns/KRKNPP.egtb, b4b04c11fda7a189d2087c111e6538c4
egtbs/6men/2pawns/KNPPKQ.egtb, 9d440c90c8ea892f628af0ee90d9e902
egtbs/6men/2pawns/KQKNPP.egtb, cce2bbc1d4bd06b5fdbedc8b070241b2
egtbs/6men/2pawns/KBBPPK.egtb, 544798bc07a8f99105cea239a52875bc
egtbs/6men/2pawns/KKBBPP.egtb, 46d5434804378209e37ed435b0f8391f
egtbs/6men/2pawns/KRBPPK.egtb, 0474811b73410f99b1dd449e3141e7b5
egtbs/6men/2pawns/KKRBPP.egtb, 1df3e503e5f5b41868c323222b64477a
egtbs/6men/2pawns/KQBPPK.egtb, c85f2410c544ba5867401762ad6845a2
egtbs/6men/2pawns/KKQBPP.egtb, 185d45a516829e812b6f5224087ff6fb
egtbs/6men/2pawns/KBPPKN.egtb, d7606a39f13331c60db3149a8e62d38b
egtbs/6men/2pawns/KNKBPP.egtb, b39e74aa05c41a38c2901b6c9482736a
egtbs/6men/2pawns/KBPPKB.egtb, 8160fb454ea1617e66c5cf57e70b78af
egtbs/6men/2pawns/KBKBPP.egtb, 9f837b71c8660e116123810cbabd8b07
egtbs/6men/2pawns/KBPPKR.egtb, 94a202649bdac62f51b52c530ea7f1de
egtbs/6men/2pawns/KRKBPP.egtb, 5a64bbe22e2d5681aea7cf887ca740f2
egtbs/6men/2pawns/KBPPKQ.egtb, dc6bfc2fd7311843d768130213e26eb3
egtbs/6men/2pawns/KQKBPP.egtb, 7256f29e5b67c72ceafe6ede7de2633c
egtbs/6men/2pawns/KRRPPK.egtb, c35f1b168c9f56771035def47425be23
egtbs/6men/2pawns/KKRRPP.egtb, e5d7f107a8384ef505a9dc6f43d08059
egtbs/6men/2pawns/KQRPPK.egtb, a56ffb588777efd88ebd5ba0179f5215
egtbs/6men/2pawns/KKQRPP.egtb, 4142280e64809270ed3995cb6c603b82
egtbs/6men/2pawns/KRPPKN.egtb, 24679401142bfe1c72b79b9b30a8d3b8
egtbs/6men/2pawns/KNKRPP.egtb, cc36830b92d2df31d4c6aa8c184dc4ba
egtbs/6men/2pawns/KRPPKB.egtb, 8bba616dd7a2148d29b5af26c7a988e9
egtbs/6men/2pawns/KBKRPP.egtb, afa6aefe9931f217ea9f7b8b4eb6ed54
egtbs/6men/2pawns/KRPPKR.egtb, 0c92908bbb470ebd37b7ec9169480653
egtbs/6men/2pawns/KRKRPP.egtb, d84e603ae4ab9bd565d45e9b5be24bea
egtbs/6men/2pawns/KRPPKQ.egtb, 81ab743b9f70f9fe6bc67f31818296e2
egtbs/6men/2pawns/KQKRPP.egtb, b775c2e2c24dbc603304878f86dfda68
egtbs/6men/2pawns/KQQPPK.egtb, 752edfa1928fd11d4fbe752517528f68
egtbs/6men/2pawns/KKQQPP.egtb, b62e8ea5b5be84f9de4b0535cea623b8
egtbs/6men/2pawns/KQPPKN.egtb, 5c18b475fa2061e22e47e4c7f25881ab
egtbs/6men/2pawns/KNKQPP.egtb, f3e3c32797448b1a67e3711fa5fc61c3
egtbs/6men/2pawns/KQPPKB.egtb, 5431bca6ff0f7787bd4269374c8e0d48
egtbs/6men/2pawns/KBKQPP.egtb, 6017d9be0370b24e7ada3082bd9f3511
egtbs/6men/2pawns/KQPPKR.egtb, 3e8b37858155cacc35da06673ae34df2
egtbs/6men/2pawns/KRKQPP.egtb, 0f9f5e44af4f0acd41f6cc16e8d882bf
egtbs/6men/2pawns/KQPPKQ.egtb, e6546e1121543b77bf135bce5b7c6d7e
egtbs/6men/2pawns/KQKQPP.egtb, aaaa0229e1578103dc2a2b3d7422f19f
egtbs/6men/2pawns/KPPKNN.egtb, 6310384fc4289a1447dc5f593cbc3219
egtbs/6men/2pawns/KNNKPP.egtb, 1ee72915c8e85f0d99362faae8585087
egtbs/6men/2pawns/KPPKBN.egtb, a452ae58b58b546e86aec96da1c6ccb9
egtbs/6men/2pawns/KBNKPP.egtb, 28a14d58d6dd5f30fd6d171960425cf6
egtbs/6men/2pawns/KPPKRN.egtb, 97218d8a2edf906408442363d1a50d8b
egtbs/6men/2pawns/KRNKPP.egtb, d155427cc5c2d1c7176a80d7bcea56f8
egtbs/6men/2pawns/KPPKQN.egtb, 0c965ef8f1ffdbb4290ae4499c76f69a
egtbs/6men/2pawns/KQNKPP.egtb, e955bad577c286d52ec281b5c61bb504
egtbs/6men/2pawns/KPPKBB.egtb, 0504726aec16d6e6e75da37c5a98ea8c
egtbs/6men/2pawns/KBBKPP.egtb, b0a915c635285eba4bf13b52d905ca75
egtbs/6men/2pawns/KPPKRB.egtb, 25655f11715b4848a2c9b12f2400a0b5
egtbs/6men/2pawns/KRBKPP.egtb, 9229637630851bf4dabfac31fac113ab
egtbs/6men/2pawns/KPPKQB.egtb, ca48cf87178a26b85c866ae652f43b30
egtbs/6men/2pawns/KQBKPP.egtb, d83c2cda570e40807b3de59de42b9403
egtbs/6men/2pawns/KPPKRR.egtb, a53a92b105ee781a849430bee4a68ec3
egtbs/6men/2pawns/KRRKPP.egtb, 3f65c168f74b00e99ce13a63c1d4583c
egtbs/6men/2pawns/KPPKQR.egtb, 33c08a29d0f683adddca833f716118ca
egtbs/6men/2pawns/KQRKPP.egtb, 97475237e4f35bf813ddeb8421c39883
egtbs/6men/2pawns/KPPKQQ.egtb, c1e902c1d51caaed363e0c05c1ac08f4
egtbs/6men/2pawns/KQQKPP.egtb, c2aa71b8b1e09c1932d8ea57752c1a4b
egtbs/6men/2pawns/KNNPKP.egtb, 3990d59c452b70c60fb5b60f9fa30522
egtbs/6men/2pawns/KPKNNP.egtb, d1df209587b36c0f2270b25169fcc6b7
egtbs/6men/2pawns/KBNPKP.egtb, 786444f2e2ce6945fa19095baa74e2c5
egtbs/6men/2pawns/KPKBNP.egtb, 4ea4a9c8149b4593ae40ca7da62c71b2
egtbs/6men/2pawns/KRNPKP.egtb, ad374daaa601d40212db1f8bcb199706
egtbs/6men/2pawns/KPKRNP.egtb, a64fafd2b0ee2d7e8d9643221452dc5f
egtbs/6men/2pawns/KQNPKP.egtb, e360350ab769dfeb5bbf27beb3126426
egtbs/6men/2pawns/KPKQNP.egtb, c66d2142e75a259404f9e7d9540eb3e8
egtbs/6men/2pawns/KNPKNP.egtb, 13b06003f484631587823bd99b345149
egtbs/6men/2pawns/KNPKBP.egtb, d8a74dcf3754b80f525954c90dce6de8
egtbs/6men/2pawns/KBPKNP.egtb, ac236978f72145caae3348999e479a20
egtbs/6men/2pawns/KNPKRP.egtb, 0841639d69572c85bd1367c81a75ee8a
egtbs/6men/2pawns/KRPKNP.egtb, f649cf1bd9c0184cae442c3467f05837
egtbs/6men/2pawns/KNPKQP.egtb, 1ac7261ea4dafbe87cbdb308c679b48e
egtbs/6men/2pawns/KQPKNP.egtb, 758a40fb920ed2dab2dbbfabaf202ad1
egtbs/6men/2pawns/KBBPKP.egtb, 8d28caedbc8ad4d04094896717a2b3f9
egtbs/6men/2pawns/KPKBBP.egtb, a89ed3a80c892d9b9639bd0e12aa6402
egtbs/6men/2pawns/KRBPKP.egtb, f377b35ea2c3fe31520a534e0f0e1d94
egtbs/6men/2pawns/KPKRBP.egtb, 8ff05faba1c569d43ccf1ba58c454776
egtbs/6men/2pawns/KQBPKP.egtb, c30ec98e33b0db030fc5c9a45b9f6478
egtbs/6men/2pawns/KPKQBP.egtb, 153878e2e9c07c9ed88a0d2ee1b3ca12
egtbs/6men/2pawns/KBPKBP.egtb, 4584bc511549d2c6419f6f867174de8b
egtbs/6men/2pawns/KBPKRP.egtb, ef308558bcf58974a443fed7e370da9f
egtbs/6men/2pawns/KRPKBP.egtb, 54cc89956e354ca049539566645b2a9e
egtbs/6men/2pawns/KBPKQP.egtb, 48ee78d32adb4bafd8ab5005449c9bdd
egtbs/6men/2pawns/KQPKBP.egtb, 05438c970208e0552886f597d1581eb1
egtbs/6men/2pawns/KRRPKP.egtb, cb6bfa951b437f7fb6d0ba7191a72e4b
egtbs/6men/2pawns/KPKRRP.egtb, 630cbc05af811e51a2ab5b482268ff2a
egtbs/6men/2pawns/KQRPKP.egtb, 22e0de06cf58947c0466de2636e557fa
egtbs/6men/2pawns/KPKQRP.egtb, e6a58fcc318945a4375c5320c45f7178
egtbs/6men/2pawns/KRPKRP.egtb, 198462c97009331018d4b04525b62bb2
egtbs/6men/2pawns/KRPKQP.egtb, a3ad3f18c1ede409c40886dd6e17bf8c
egtbs/6men/2pawns/KQPKRP.egtb, 39e18f4b7eb3379e68b354fb11cd9ccf
egtbs/6men/2pawns/KQQPKP.egtb, dc05dd93b4bf130a11f3e128322eaee0
egtbs/6men/2pawns/KPKQQP.egtb, 6fb073b304f4d59b2d73204385c05ba5
egtbs/6men/2pawns/KQPKQP.egtb, ffd9a5e6cdadaaf8ffd5b684bbb8c316
egtbs/6men/3pawns/KNPPPK.egtb, 9cdad12a677efc159811446bfa1990bf
egtbs/6men/3pawns/KKNPPP.egtb, 0919183a1161d9b63b2509f1765895d9
egtbs/6men/3pawns/KBPPPK.egtb, ada487d0e4b6db0a3d355414357558a1
egtbs/6men/3pawns/KKBPPP.egtb, 31eb7ab151fa9deaaa2d32b67e1c7d12
egtbs/6men/3pawns/KRPPPK.egtb, a728e7956bc9bcc866d6e1d1a26fefde
egtbs/6men/3pawns/KKRPPP.egtb, 0b0aff377278100f00ca4db2f9deab16
egtbs/6men/3pawns/KQPPPK.egtb, fb61d6fb9b96839fee5e7e8c40dd5752
egtbs/6men/3pawns/KKQPPP.egtb, 49dd98fe19db6503044b6fe8cec18ab1
egtbs/6men/3pawns/KPPPKN.egtb, 81fb1b6abacb0bb1b1ba319055fe9052
egtbs/6men/3pawns/KNKPPP.egtb, e150961dfb18810bcea225404e5c7304
egtbs/6men/3pawns/KPPPKB.egtb, daafbe5a0984e7d1be9959e9994a14b6
egtbs/6men/3pawns/KBKPPP.egtb, 646237d4252e0bbf5461102487bbd3bc
egtbs/6men/3pawns/KPPPKR.egtb, 4ae6632325ff3a9930c53de838966237
egtbs/6men/3pawns/KRKPPP.egtb, 0628384eb8b4ece9323126e7bb1bf412
egtbs/6men/3pawns/KPPPKQ.egtb, c1c60eeca924da8dbc5821596d372c7a
egtbs/6men/3pawns/KQKPPP.egtb, 419ce5fb4b582e16ad30a5e05186528c
egtbs/6men/3pawns/KNPPKP.egtb, d739e4a8d33ad051abe619d2136e2520
egtbs/6men/3pawns/KPKNPP.egtb, e743133191a0aaa8dc62628c6b5e5a0d
egtbs/6men/3pawns/KBPPKP.egtb, 4bd2bcf37a4147b93fe599b680198e44
egtbs/6men/3pawns/KPKBPP.egtb, aee6e8a902da674565226e76a6a5be48
egtbs/6men/3pawns/KRPPKP.egtb, 78fcceb35fb0308d2263924424e58758
egtbs/6men/3pawns/KPKRPP.egtb, b57c27c6ee5f57380f7e7a4b46da3ee8
egtbs/6men/3pawns/KQPPKP.egtb, 0ed5d514a328a2530173bf27cacacef2
egtbs/6men/3pawns/KPKQPP.egtb, c429867414eccf370b1d92b54485768e
egtbs/6men/3pawns/KPPKNP.egtb, 214e4cfa0ce2ebe81de28384f948c01d
egtbs/6men/3pawns/KNPKPP.egtb, f5ab14fe2cd592a5563650161a33986a
egtbs/6men/3pawns/KPPKBP.egtb, 1d5e0b1bc20545870a61adcbc4e3eeec
egtbs/6men/3pawns/KBPKPP.egtb, bbfdba8f590b00980ab0b6c2c4d7e3b0
egtbs/6men/3pawns/KPPKRP.egtb, 5ffbe637185d37f70f3aae6eec318c9d
egtbs/6men/3pawns/KRPKPP.egtb, 6c2e32ebbf92ce8955bbdcf9b09c9361
egtbs/6men/3pawns/KPPKQP.egtb, 06159ef3ca84a62c91fca7316c7e1489
egtbs/6men/3pawns/KQPKPP.egtb, 5f9c2b2d5ff8d3b5b638b71aa75a9be8
egtbs/6men/4pawns/KPPPPK.egtb, 9971f8892626ae526da0d699070e02eb
egtbs/6men/4pawns/KKPPPP.egtb, 9260068a645432b98f551e42613aeaeb
egtbs/6men/4pawns/KPPPKP.egtb, 8c392aafd2d7e336fa3d466a1e65cbc5
egtbs/6men/4pawns/KPKPPP.egtb, 59de1875babbe5aa28db9ea59c7e5463
egtbs/6men/4pawns/KPPKPP.egtb, d62381b9017dbc0f87d954cab0f1ecbc
